fotograma,tipo_objeto,confianza,id_track,x1,y1,x2,y2,flag_plate,conf_plate,mx1,my1,mx2,my2,texto_matricula
0,bus,0.936,1,1402,52,1918,476,0,0.000,0,0,0,0,
0,car,0.843,2,1321,312,1398,371,0,0.000,0,0,0,0,
0,car,0.491,3,1231,313,1279,343,0,0.000,0,0,0,0,
0,car,0.349,4,1281,318,1320,343,0,0.000,0,0,0,0,
0,car,0.297,5,1274,315,1312,343,0,0.000,0,0,0,0,
1,bus,0.933,1,1407,56,1912,471,0,0.000,0,0,0,0,
1,car,0.815,2,1320,312,1397,371,0,0.000,0,0,0,0,
1,car,0.478,3,1231,313,1278,342,0,0.000,0,0,0,0,
1,car,0.327,4,1281,318,1320,343,0,0.000,0,0,0,0,
1,car,0.286,5,1272,315,1310,343,0,0.000,0,0,0,0,
2,bus,0.936,1,1410,63,1903,467,0,0.000,0,0,0,0,
2,car,0.819,2,1319,312,1396,371,0,0.000,0,0,0,0,
2,car,0.444,3,1231,313,1277,342,0,0.000,0,0,0,0,
2,car,0.316,4,1281,318,1320,343,0,0.000,0,0,0,0,
2,car,0.273,5,1273,315,1310,342,0,0.000,0,0,0,0,
3,bus,0.900,1,1409,67,1898,466,0,0.000,0,0,0,0,
3,car,0.838,2,1317,312,1395,371,0,0.000,0,0,0,0,
3,car,0.485,3,1231,314,1277,342,0,0.000,0,0,0,0,
3,car,0.288,4,1281,317,1320,343,0,0.000,0,0,0,0,
3,car,0.276,5,1273,315,1311,343,0,0.000,0,0,0,0,
4,bus,0.930,1,1413,72,1895,464,0,0.000,0,0,0,0,
4,car,0.817,2,1316,312,1394,371,0,0.000,0,0,0,0,
4,car,0.452,3,1232,314,1279,343,0,0.000,0,0,0,0,
4,car,0.270,4,1281,317,1320,343,0,0.000,0,0,0,0,
5,bus,0.935,1,1417,76,1894,462,0,0.000,0,0,0,0,
5,car,0.807,2,1316,312,1392,370,0,0.000,0,0,0,0,
5,car,0.408,3,1232,313,1278,342,0,0.000,0,0,0,0,
6,bus,0.934,1,1417,79,1892,461,0,0.000,0,0,0,0,
6,car,0.796,2,1315,312,1391,370,0,0.000,0,0,0,0,
6,car,0.452,3,1231,314,1278,343,0,0.000,0,0,0,0,
7,bus,0.935,1,1418,84,1888,458,0,0.000,0,0,0,0,
7,car,0.787,2,1314,312,1389,369,0,0.000,0,0,0,0,
7,car,0.435,3,1229,314,1276,343,0,0.000,0,0,0,0,
8,bus,0.937,1,1418,88,1886,457,0,0.000,0,0,0,0,
8,car,0.782,2,1313,312,1387,368,0,0.000,0,0,0,0,
8,car,0.425,3,1229,315,1274,343,0,0.000,0,0,0,0,
9,bus,0.941,1,1417,92,1885,457,0,0.000,0,0,0,0,
9,car,0.806,2,1312,312,1385,368,0,0.000,0,0,0,0,
9,car,0.419,3,1228,315,1273,343,0,0.000,0,0,0,0,
10,bus,0.937,1,1416,96,1884,456,0,0.000,0,0,0,0,
10,car,0.802,2,1311,312,1384,367,0,0.000,0,0,0,0,
10,car,0.403,3,1227,315,1272,343,0,0.000,0,0,0,0,
11,bus,0.927,1,1415,97,1885,455,0,0.000,0,0,0,0,
11,car,0.782,2,1310,312,1383,368,0,0.000,0,0,0,0,
11,car,0.409,3,1226,315,1271,343,0,0.000,0,0,0,0,
12,bus,0.932,1,1414,101,1883,453,0,0.000,0,0,0,0,
12,car,0.788,2,1309,312,1382,368,0,0.000,0,0,0,0,
12,car,0.322,3,1225,315,1267,342,0,0.000,0,0,0,0,
13,bus,0.928,1,1409,104,1875,451,1,0.781,1723,393,1777,407,
13,car,0.794,2,1308,312,1381,368,0,0.000,0,0,0,0,
13,car,0.278,3,1225,315,1265,341,0,0.000,0,0,0,0,
14,bus,0.919,1,1402,107,1867,451,1,0.832,1713,391,1767,405,
14,car,0.778,2,1307,312,1380,368,0,0.000,0,0,0,0,
14,car,0.301,3,1224,315,1265,341,0,0.000,0,0,0,0,
15,bus,0.925,1,1394,111,1855,450,1,0.938,1704,391,1758,405,
15,car,0.775,2,1307,312,1377,367,0,0.000,0,0,0,0,
15,car,0.306,3,1224,315,1264,341,0,0.000,0,0,0,0,
16,bus,0.920,1,1391,114,1850,449,1,0.767,1693,390,1748,404,
16,car,0.782,2,1306,313,1376,367,0,0.000,0,0,0,0,
16,car,0.317,3,1225,315,1264,341,0,0.000,0,0,0,0,
17,bus,0.909,1,1388,117,1846,450,1,0.814,1684,389,1736,403,
17,car,0.777,2,1306,313,1375,367,0,0.000,0,0,0,0,
17,car,0.271,3,1225,315,1263,341,0,0.000,0,0,0,0,
18,bus,0.915,1,1382,121,1833,448,1,0.914,1675,387,1726,401,
18,car,0.770,2,1306,314,1374,367,0,0.000,0,0,0,0,
18,car,0.276,3,1225,316,1262,341,0,0.000,0,0,0,0,
19,bus,0.925,1,1379,126,1821,446,1,0.844,1666,387,1718,400,
19,car,0.784,2,1305,314,1372,367,0,0.000,0,0,0,0,
19,car,0.311,3,1226,316,1262,341,0,0.000,0,0,0,0,
20,bus,0.919,1,1375,127,1813,444,1,0.831,1657,386,1709,400,
20,car,0.753,2,1304,313,1372,368,0,0.000,0,0,0,0,
20,car,0.340,3,1226,317,1262,341,0,0.000,0,0,0,0,
21,bus,0.919,1,1375,132,1805,442,1,0.879,1651,385,1699,399,
21,car,0.730,2,1304,313,1371,368,0,0.000,0,0,0,0,
21,car,0.365,3,1226,317,1262,341,0,0.000,0,0,0,0,
22,bus,0.915,1,1376,135,1802,442,1,0.834,1642,384,1691,397,
22,car,0.741,2,1304,313,1370,368,0,0.000,0,0,0,0,
22,car,0.389,3,1225,317,1261,341,0,0.000,0,0,0,0,
23,bus,0.905,1,1377,140,1797,441,1,0.626,1634,383,1683,397,
23,car,0.716,2,1305,313,1369,366,0,0.000,0,0,0,0,
23,car,0.407,3,1226,318,1260,341,0,0.000,0,0,0,0,
24,bus,0.888,1,1369,141,1786,441,1,0.626,1634,383,1683,397,
24,car,0.704,2,1304,312,1369,366,0,0.000,0,0,0,0,
24,car,0.464,3,1225,317,1261,342,0,0.000,0,0,0,0,
25,bus,0.905,1,1362,143,1776,441,1,0.854,1620,383,1665,395,
25,car,0.707,2,1305,312,1368,366,0,0.000,0,0,0,0,
25,car,0.443,3,1224,318,1261,342,0,0.000,0,0,0,0,
26,bus,0.898,1,1359,145,1767,440,1,0.828,1613,382,1660,394,
26,car,0.687,2,1304,311,1368,365,0,0.000,0,0,0,0,
26,car,0.450,3,1225,318,1261,342,0,0.000,0,0,0,0,
27,bus,0.899,1,1355,148,1754,437,1,0.799,1606,381,1652,393,
27,car,0.673,2,1304,310,1368,366,0,0.000,0,0,0,0,
27,car,0.432,3,1224,318,1261,342,0,0.000,0,0,0,0,
28,bus,0.903,1,1354,150,1745,436,1,0.819,1601,380,1646,393,
28,car,0.649,2,1303,309,1367,365,0,0.000,0,0,0,0,
28,car,0.428,3,1224,317,1261,342,0,0.000,0,0,0,0,
29,bus,0.895,1,1353,152,1741,437,1,0.819,1601,380,1646,393,
29,car,0.627,2,1303,308,1366,365,0,0.000,0,0,0,0,
29,car,0.401,3,1224,317,1261,342,0,0.000,0,0,0,0,
30,bus,0.903,1,1354,153,1734,433,1,0.936,1589,379,1634,391,
30,car,0.620,2,1301,307,1364,364,0,0.000,0,0,0,0,
30,car,0.355,3,1225,317,1261,342,0,0.000,0,0,0,0,
31,bus,0.891,1,1357,155,1730,430,1,0.799,1583,378,1628,389,
31,car,0.638,2,1300,308,1361,363,0,0.000,0,0,0,0,
31,car,0.292,3,1226,318,1261,341,0,0.000,0,0,0,0,
32,bus,0.920,1,1355,158,1717,426,1,0.680,1578,377,1632,388,
32,car,0.643,2,1300,308,1359,363,0,0.000,0,0,0,0,
32,car,0.260,3,1226,317,1261,341,0,0.000,0,0,0,0,
33,bus,0.926,1,1350,160,1709,426,1,0.909,1572,376,1614,387,
33,car,0.626,2,1300,308,1358,363,0,0.000,0,0,0,0,
33,car,0.282,3,1226,317,1261,341,0,0.000,0,0,0,0,
34,bus,0.921,1,1346,161,1704,429,1,0.868,1566,375,1607,387,
34,car,0.617,2,1299,308,1357,363,0,0.000,0,0,0,0,
35,bus,0.912,1,1346,163,1700,429,1,0.878,1561,374,1602,386,
35,car,0.597,2,1300,309,1355,363,0,0.000,0,0,0,0,
35,car,0.333,3,1225,318,1259,342,0,0.000,0,0,0,0,
36,bus,0.920,1,1345,166,1691,427,1,0.853,1556,373,1596,385,
36,car,0.600,2,1300,310,1354,362,0,0.000,0,0,0,0,
37,bus,0.919,1,1344,166,1684,425,1,0.457,1550,373,1590,385,
37,car,0.541,2,1300,311,1352,362,0,0.000,0,0,0,0,
38,bus,0.908,1,1343,168,1677,424,1,0.546,1545,372,1585,383,
38,car,0.486,2,1300,313,1350,362,0,0.000,0,0,0,0,
39,bus,0.903,1,1340,167,1672,422,1,0.774,1541,371,1591,382,
39,car,0.475,2,1301,314,1348,361,0,0.000,0,0,0,0,
40,bus,0.910,1,1339,169,1665,421,1,0.774,1541,371,1591,382,
40,car,0.449,2,1301,314,1348,362,0,0.000,0,0,0,0,
41,bus,0.925,1,1341,172,1657,417,1,0.774,1541,371,1591,382,
41,car,0.512,2,1302,315,1347,360,0,0.000,0,0,0,0,
42,bus,0.932,1,1340,174,1650,416,1,0.563,1527,370,1569,381,
42,car,0.462,2,1301,316,1345,360,0,0.000,0,0,0,0,
43,bus,0.929,1,1338,176,1643,415,1,0.427,1523,370,1571,381,
43,car,0.534,2,1300,316,1344,361,0,0.000,0,0,0,0,
44,bus,0.929,1,1339,178,1639,414,1,0.427,1523,370,1571,381,
44,car,0.420,2,1299,316,1342,361,0,0.000,0,0,0,0,
45,bus,0.920,1,1337,179,1634,412,1,0.300,1446,331,1531,376,
45,car,0.378,2,1298,315,1342,361,0,0.000,0,0,0,0,
46,bus,0.923,1,1337,181,1630,412,1,0.300,1443,330,1526,376,
46,car,0.375,2,1298,313,1342,359,0,0.000,0,0,0,0,
47,bus,0.917,1,1336,182,1628,413,1,0.300,1439,331,1523,377,
47,car,0.311,2,1298,313,1341,358,0,0.000,0,0,0,0,
48,bus,0.921,1,1334,184,1621,413,1,0.300,1439,331,1523,377,
48,car,0.282,2,1298,314,1339,357,0,0.000,0,0,0,0,
49,bus,0.916,1,1335,185,1618,412,1,0.300,1439,331,1523,377,
49,car,0.275,2,1298,315,1338,357,0,0.000,0,0,0,0,
50,bus,0.925,1,1332,188,1610,411,1,0.300,1430,331,1511,374,
50,car,0.296,2,1297,316,1337,359,0,0.000,0,0,0,0,
51,bus,0.939,1,1330,188,1605,411,1,0.300,1427,331,1506,374,
51,car,0.285,2,1297,318,1336,359,0,0.000,0,0,0,0,
52,bus,0.923,1,1329,189,1602,411,1,0.300,1425,331,1504,378,
52,car,0.278,2,1295,319,1336,361,0,0.000,0,0,0,0,
53,bus,0.922,1,1328,190,1598,411,1,0.300,1349,340,1436,393,
54,bus,0.919,1,1330,191,1595,409,1,0.300,1349,340,1436,393,
55,bus,0.901,1,1327,191,1591,409,1,0.300,1349,340,1436,393,A8
56,bus,0.905,1,1326,192,1586,408,1,0.300,1414,329,1490,370,
57,bus,0.910,1,1326,192,1584,407,1,0.300,1414,329,1490,370,
58,bus,0.914,1,1325,193,1578,406,1,0.300,1414,329,1490,370,
59,bus,0.905,1,1326,195,1573,404,1,0.300,1407,327,1481,368,
60,bus,0.894,1,1326,195,1570,404,1,0.300,1407,327,1481,368,
61,bus,0.909,1,1325,196,1568,404,1,0.300,1407,327,1481,368,
61,car,0.297,2,1290,319,1328,358,0,0.000,0,0,0,0,
62,bus,0.901,1,1324,198,1564,405,1,0.300,1400,327,1473,366,
62,car,0.381,2,1290,321,1327,358,0,0.000,0,0,0,0,
63,bus,0.881,1,1322,199,1559,405,1,0.300,1400,327,1473,366,
63,car,0.408,2,1290,321,1327,358,0,0.000,0,0,0,0,
64,bus,0.867,1,1321,198,1555,403,1,0.300,1400,327,1473,366,
64,car,0.434,2,1288,319,1327,358,0,0.000,0,0,0,0,
65,bus,0.844,1,1320,199,1550,401,1,0.300,1394,326,1465,364,
65,car,0.439,2,1287,319,1327,359,0,0.000,0,0,0,0,
66,bus,0.806,1,1320,200,1545,400,1,0.300,1394,326,1465,364,
66,car,0.480,2,1286,318,1327,360,0,0.000,0,0,0,0,
67,bus,0.764,1,1320,201,1541,397,1,0.300,1394,326,1465,364,
67,car,0.455,2,1286,319,1326,359,0,0.000,0,0,0,0,
68,bus,0.768,1,1320,202,1537,396,1,0.300,1388,326,1457,363,
68,car,0.467,2,1286,320,1325,359,0,0.000,0,0,0,0,
69,bus,0.744,1,1320,204,1534,395,1,0.300,1388,326,1457,363,
69,car,0.509,2,1286,320,1326,360,0,0.000,0,0,0,0,
70,bus,0.758,1,1319,205,1532,397,1,0.300,1385,326,1452,365,
70,car,0.441,2,1287,319,1325,358,0,0.000,0,0,0,0,
71,bus,0.760,1,1318,205,1528,396,1,0.300,1383,326,1450,362,
71,car,0.518,2,1286,319,1325,358,0,0.000,0,0,0,0,
72,bus,0.769,1,1318,208,1525,394,1,0.300,1383,326,1450,362,
72,car,0.603,2,1285,318,1324,358,0,0.000,0,0,0,0,
73,bus,0.786,1,1319,209,1522,393,1,0.300,1380,326,1444,361,
73,car,0.592,2,1286,320,1322,357,0,0.000,0,0,0,0,
74,bus,0.773,1,1318,210,1518,392,1,0.300,1378,325,1441,361,
74,car,0.586,2,1286,321,1321,356,0,0.000,0,0,0,0,
75,bus,0.782,1,1316,210,1516,392,1,0.300,1376,325,1439,360,
75,car,0.526,2,1286,321,1320,355,0,0.000,0,0,0,0,
76,bus,0.747,1,1316,211,1513,391,1,0.300,1375,326,1445,366,
76,car,0.509,2,1284,317,1321,355,0,0.000,0,0,0,0,
77,bus,0.682,1,1315,212,1510,391,1,0.300,1373,325,1441,366,
77,car,0.548,2,1282,316,1321,356,0,0.000,0,0,0,0,
78,bus,0.685,1,1315,212,1508,390,1,0.300,1371,324,1433,359,
78,car,0.507,2,1281,313,1322,356,0,0.000,0,0,0,0,
79,bus,0.612,1,1314,213,1505,390,1,0.300,1370,325,1431,359,
79,car,0.433,2,1281,311,1322,355,0,0.000,0,0,0,0,
80,bus,0.769,1,1314,214,1503,390,1,0.300,1368,324,1429,358,
80,car,0.399,2,1281,311,1321,356,0,0.000,0,0,0,0,
81,bus,0.791,1,1313,215,1501,389,1,0.300,1368,324,1429,358,
81,car,0.374,2,1280,312,1320,356,0,0.000,0,0,0,0,
82,bus,0.776,1,1312,215,1500,390,1,0.300,1368,324,1429,358,
82,car,0.363,2,1281,313,1319,356,0,0.000,0,0,0,0,
83,bus,0.775,1,1311,215,1498,389,1,0.300,1364,324,1423,357,
83,car,0.380,2,1281,313,1317,355,0,0.000,0,0,0,0,
84,bus,0.738,1,1310,215,1494,388,1,0.300,1364,324,1423,357,
84,car,0.306,2,1280,310,1318,354,0,0.000,0,0,0,0,
85,bus,0.707,1,1310,216,1492,388,1,0.300,1361,324,1419,356,
85,car,0.337,2,1280,308,1318,354,0,0.000,0,0,0,0,
86,bus,0.661,1,1311,216,1491,387,1,0.300,1361,324,1419,356,
87,bus,0.511,1,1312,216,1489,386,1,0.300,1359,324,1417,355,
87,truck,0.503,46,1316,216,1485,387,0,0.000,0,0,0,0,
88,truck,0.398,1,1310,216,1487,386,1,0.300,1359,324,1417,355,
88,bus,0.575,46,1314,216,1483,387,0,0.000,0,0,0,0,
88,car,0.366,47,1463,318,1515,379,0,0.000,0,0,0,0,
88,car,0.314,2,1281,308,1317,352,0,0.000,0,0,0,0,
89,truck,0.356,1,1311,218,1484,384,1,0.300,1359,324,1417,355,
89,bus,0.617,46,1314,217,1480,385,0,0.000,0,0,0,0,
89,car,0.295,47,1463,319,1515,380,0,0.000,0,0,0,0,
89,car,0.343,2,1280,306,1317,351,0,0.000,0,0,0,0,
90,car,0.454,47,1460,318,1514,381,0,0.000,0,0,0,0,
90,car,0.304,2,1280,307,1315,352,0,0.000,0,0,0,0,
91,car,0.446,47,1460,317,1514,379,0,0.000,0,0,0,0,
91,car,0.293,2,1279,310,1314,353,0,0.000,0,0,0,0,
91,bus,0.469,1,1310,219,1480,383,1,0.300,1359,324,1417,355,
92,car,0.558,47,1459,319,1511,379,0,0.000,0,0,0,0,
92,car,0.275,2,1279,311,1313,354,0,0.000,0,0,0,0,
92,truck,0.314,48,1313,220,1476,382,0,0.000,0,0,0,0,
92,bus,0.686,1,1311,220,1478,382,1,0.300,1359,324,1417,355,
93,car,0.523,47,1458,319,1510,379,0,0.000,0,0,0,0,
93,bus,0.519,48,1311,221,1474,382,0,0.000,0,0,0,0,
93,truck,0.363,1,1309,220,1474,382,1,0.300,1359,324,1417,355,
94,car,0.586,47,1457,319,1509,379,0,0.000,0,0,0,0,
94,truck,0.451,48,1310,222,1471,382,0,0.000,0,0,0,0,
94,bus,0.330,1,1309,222,1471,381,1,0.300,1359,324,1417,355,
94,person,0.610,50,0,249,54,478,0,0.000,0,0,0,0,
94,person,0.467,52,0,248,33,482,0,0.000,0,0,0,0,
94,car,0.293,2,1277,308,1312,352,0,0.000,0,0,0,0,
95,car,0.615,47,1456,319,1509,379,0,0.000,0,0,0,0,
95,bus,0.521,48,1310,223,1469,382,0,0.000,0,0,0,0,
95,truck,0.408,1,1308,222,1470,382,1,0.300,1359,324,1417,355,
95,person,0.760,50,0,237,62,486,0,0.000,0,0,0,0,
95,car,0.256,2,1276,306,1312,352,0,0.000,0,0,0,0,
96,car,0.725,47,1453,319,1509,381,0,0.000,0,0,0,0,
96,bus,0.703,48,1308,223,1467,381,0,0.000,0,0,0,0,
96,truck,0.257,1,1306,222,1468,382,1,0.300,1359,324,1417,355,
96,person,0.793,50,0,234,66,488,0,0.000,0,0,0,0,
97,car,0.710,47,1454,320,1509,381,0,0.000,0,0,0,0,
97,person,0.834,50,0,231,71,490,0,0.000,0,0,0,0,
98,car,0.721,47,1452,320,1508,381,0,0.000,0,0,0,0,
98,person,0.825,50,0,232,74,491,0,0.000,0,0,0,0,
98,bus,0.727,1,1307,225,1464,381,1,0.300,1359,324,1417,355,
99,car,0.712,47,1450,320,1508,381,0,0.000,0,0,0,0,
99,person,0.825,50,1,235,76,492,0,0.000,0,0,0,0,
99,bus,0.784,1,1307,226,1462,380,1,0.300,1359,324,1417,355,
100,car,0.671,47,1447,320,1507,381,0,0.000,0,0,0,0,
100,person,0.834,50,0,234,77,494,0,0.000,0,0,0,0,
100,bus,0.809,1,1307,226,1460,379,1,0.300,1359,324,1417,355,
101,car,0.699,47,1445,320,1507,381,0,0.000,0,0,0,0,
101,person,0.863,50,1,233,78,497,0,0.000,0,0,0,0,
101,bus,0.701,1,1307,227,1459,379,1,0.300,1359,324,1417,355,
102,car,0.696,47,1444,320,1508,382,0,0.000,0,0,0,0,
102,person,0.852,50,2,231,80,495,0,0.000,0,0,0,0,
102,bus,0.783,1,1308,228,1458,378,0,0.000,0,0,0,0,
103,car,0.718,47,1444,320,1509,382,0,0.000,0,0,0,0,
103,person,0.882,50,5,230,84,495,0,0.000,0,0,0,0,
103,bus,0.765,1,1308,229,1457,379,0,0.000,0,0,0,0,
104,car,0.727,47,1443,320,1511,382,0,0.000,0,0,0,0,
104,person,0.832,50,9,232,88,492,0,0.000,0,0,0,0,
104,bus,0.622,1,1308,229,1457,379,0,0.000,0,0,0,0,
105,car,0.728,47,1443,320,1511,382,0,0.000,0,0,0,0,
105,person,0.857,50,16,230,97,492,0,0.000,0,0,0,0,
105,bus,0.772,1,1307,229,1455,379,0,0.000,0,0,0,0,
106,car,0.736,47,1441,320,1511,382,0,0.000,0,0,0,0,
106,person,0.877,50,26,228,108,492,0,0.000,0,0,0,0,
106,bus,0.751,1,1306,230,1453,379,0,0.000,0,0,0,0,
107,car,0.731,47,1441,320,1512,382,0,0.000,0,0,0,0,
107,person,0.875,50,37,228,122,492,0,0.000,0,0,0,0,
107,bus,0.659,1,1305,232,1449,378,0,0.000,0,0,0,0,
107,car,0.407,2,1266,312,1295,347,0,0.000,0,0,0,0,
108,car,0.731,47,1440,320,1512,381,0,0.000,0,0,0,0,
108,person,0.850,50,46,229,133,491,0,0.000,0,0,0,0,
108,bus,0.654,1,1304,232,1447,378,0,0.000,0,0,0,0,
108,car,0.428,2,1265,313,1295,348,0,0.000,0,0,0,0,
109,car,0.744,47,1438,320,1511,381,0,0.000,0,0,0,0,
109,person,0.864,50,51,230,141,490,0,0.000,0,0,0,0,
109,bus,0.761,1,1303,232,1446,378,0,0.000,0,0,0,0,
109,car,0.460,2,1264,312,1295,348,0,0.000,0,0,0,0,
110,car,0.756,47,1437,321,1511,381,0,0.000,0,0,0,0,
110,person,0.869,50,56,232,147,488,0,0.000,0,0,0,0,
110,bus,0.755,1,1302,233,1444,377,0,0.000,0,0,0,0,
110,car,0.533,2,1264,312,1296,347,0,0.000,0,0,0,0,
111,car,0.758,47,1436,321,1511,381,0,0.000,0,0,0,0,
111,person,0.863,50,56,234,149,487,0,0.000,0,0,0,0,
111,bus,0.696,1,1300,233,1441,377,0,0.000,0,0,0,0,
111,car,0.509,2,1264,313,1296,348,0,0.000,0,0,0,0,
112,car,0.769,47,1434,321,1511,381,0,0.000,0,0,0,0,
112,person,0.852,50,57,239,152,487,0,0.000,0,0,0,0,
112,bus,0.599,1,1298,233,1438,377,0,0.000,0,0,0,0,
112,car,0.506,2,1263,312,1296,348,0,0.000,0,0,0,0,
113,car,0.778,47,1433,321,1511,382,0,0.000,0,0,0,0,
113,person,0.846,50,59,241,156,488,0,0.000,0,0,0,0,
113,bus,0.507,1,1296,234,1436,377,0,0.000,0,0,0,0,
113,car,0.513,2,1263,312,1295,347,0,0.000,0,0,0,0,
113,truck,0.379,62,1296,234,1436,378,0,0.000,0,0,0,0,
114,car,0.796,47,1431,320,1511,382,0,0.000,0,0,0,0,
114,person,0.834,50,61,240,161,490,0,0.000,0,0,0,0,
114,truck,0.563,1,1295,235,1434,377,0,0.000,0,0,0,0,
114,car,0.465,2,1262,312,1294,347,0,0.000,0,0,0,0,
114,bus,0.283,62,1295,235,1433,377,0,0.000,0,0,0,0,
115,car,0.789,47,1430,321,1511,382,0,0.000,0,0,0,0,
115,person,0.840,50,66,240,166,488,0,0.000,0,0,0,0,
115,truck,0.503,1,1294,236,1432,377,0,0.000,0,0,0,0,
115,car,0.436,2,1262,311,1294,347,0,0.000,0,0,0,0,
115,bus,0.448,62,1295,235,1431,376,0,0.000,0,0,0,0,
116,car,0.788,47,1428,321,1510,382,0,0.000,0,0,0,0,
116,person,0.809,50,74,239,172,485,0,0.000,0,0,0,0,
116,truck,0.506,1,1294,236,1431,376,0,0.000,0,0,0,0,
116,car,0.357,2,1261,312,1294,348,0,0.000,0,0,0,0,
116,bus,0.384,62,1295,235,1430,374,0,0.000,0,0,0,0,
117,car,0.797,47,1426,320,1510,382,0,0.000,0,0,0,0,
117,person,0.791,50,82,238,177,482,0,0.000,0,0,0,0,
117,truck,0.394,1,1293,236,1429,375,0,0.000,0,0,0,0,
117,car,0.348,2,1261,312,1292,346,0,0.000,0,0,0,0,
117,bus,0.560,62,1294,236,1429,374,0,0.000,0,0,0,0,
118,car,0.800,47,1425,320,1511,382,0,0.000,0,0,0,0,
118,person,0.752,50,88,238,181,481,0,0.000,0,0,0,0,
118,truck,0.391,1,1293,236,1428,375,0,0.000,0,0,0,0,
118,car,0.411,2,1260,312,1291,346,0,0.000,0,0,0,0,
118,bus,0.609,62,1293,236,1427,374,0,0.000,0,0,0,0,
119,car,0.797,47,1424,321,1510,382,0,0.000,0,0,0,0,
119,person,0.727,50,95,240,186,479,0,0.000,0,0,0,0,
119,truck,0.450,1,1292,237,1427,374,0,0.000,0,0,0,0,
119,car,0.431,2,1259,313,1291,347,0,0.000,0,0,0,0,
119,bus,0.647,62,1293,237,1426,373,0,0.000,0,0,0,0,
120,car,0.764,47,1424,321,1511,382,0,0.000,0,0,0,0,
120,person,0.771,50,101,239,190,479,0,0.000,0,0,0,0,
120,bus,0.681,1,1291,237,1426,374,0,0.000,0,0,0,0,
120,car,0.390,2,1258,314,1290,348,0,0.000,0,0,0,0,
121,car,0.745,47,1423,321,1511,382,0,0.000,0,0,0,0,
121,person,0.769,50,106,241,195,480,0,0.000,0,0,0,0,
121,bus,0.681,1,1292,238,1425,373,0,0.000,0,0,0,0,
121,car,0.300,2,1258,314,1289,347,0,0.000,0,0,0,0,
122,car,0.739,47,1423,321,1512,382,0,0.000,0,0,0,0,
122,person,0.811,50,112,242,200,479,0,0.000,0,0,0,0,
122,bus,0.662,1,1292,238,1425,373,0,0.000,0,0,0,0,
122,car,0.369,2,1257,313,1289,346,0,0.000,0,0,0,0,
123,car,0.741,47,1424,321,1513,382,0,0.000,0,0,0,0,
123,person,0.804,50,117,245,205,477,0,0.000,0,0,0,0,
123,bus,0.659,1,1290,239,1423,373,0,0.000,0,0,0,0,
123,car,0.403,2,1253,314,1284,346,0,0.000,0,0,0,0,
124,car,0.750,47,1425,321,1513,382,0,0.000,0,0,0,0,
124,person,0.792,50,121,248,208,477,0,0.000,0,0,0,0,
124,bus,0.654,1,1289,239,1422,373,0,0.000,0,0,0,0,
124,car,0.527,2,1250,315,1283,346,0,0.000,0,0,0,0,
125,car,0.745,47,1425,322,1514,381,0,0.000,0,0,0,0,
125,person,0.794,50,125,247,212,475,0,0.000,0,0,0,0,
125,bus,0.661,1,1289,239,1421,373,0,0.000,0,0,0,0,
125,car,0.483,2,1248,315,1282,347,0,0.000,0,0,0,0,
125,truck,0.382,69,1287,239,1421,373,0,0.000,0,0,0,0,
125,car,0.367,70,1406,321,1498,377,0,0.000,0,0,0,0,
126,car,0.744,47,1424,322,1514,381,0,0.000,0,0,0,0,
126,person,0.810,50,128,242,218,475,0,0.000,0,0,0,0,
126,bus,0.659,1,1288,239,1420,372,0,0.000,0,0,0,0,
126,car,0.448,2,1247,315,1282,347,0,0.000,0,0,0,0,
126,truck,0.405,69,1287,239,1420,372,0,0.000,0,0,0,0,
126,car,0.400,70,1403,321,1493,377,0,0.000,0,0,0,0,
127,car,0.742,47,1424,322,1514,382,0,0.000,0,0,0,0,
127,person,0.807,50,131,238,222,475,0,0.000,0,0,0,0,
127,bus,0.717,1,1288,239,1419,371,0,0.000,0,0,0,0,
127,car,0.452,2,1246,315,1283,347,0,0.000,0,0,0,0,
127,car,0.405,70,1396,321,1486,376,0,0.000,0,0,0,0,
128,car,0.736,47,1427,321,1517,381,0,0.000,0,0,0,0,
128,person,0.780,50,139,244,227,474,0,0.000,0,0,0,0,
128,bus,0.749,1,1288,241,1417,371,0,0.000,0,0,0,0,
128,car,0.453,2,1246,315,1283,346,0,0.000,0,0,0,0,
128,car,0.451,70,1390,321,1478,376,0,0.000,0,0,0,0,
129,car,0.718,47,1429,321,1518,381,0,0.000,0,0,0,0,
129,person,0.754,50,145,245,232,472,0,0.000,0,0,0,0,
129,bus,0.709,1,1288,241,1415,370,0,0.000,0,0,0,0,
129,car,0.388,2,1246,315,1284,346,0,0.000,0,0,0,0,
129,car,0.483,70,1386,321,1472,375,0,0.000,0,0,0,0,
130,car,0.715,47,1429,321,1518,381,0,0.000,0,0,0,0,
130,person,0.792,50,152,244,237,471,0,0.000,0,0,0,0,
130,bus,0.700,1,1288,242,1415,369,0,0.000,0,0,0,0,
130,car,0.399,2,1246,315,1284,345,0,0.000,0,0,0,0,
130,car,0.495,70,1387,321,1470,376,0,0.000,0,0,0,0,
130,truck,0.400,72,1286,240,1414,370,0,0.000,0,0,0,0,
131,car,0.717,47,1429,321,1517,381,0,0.000,0,0,0,0,
131,person,0.829,50,158,247,242,470,0,0.000,0,0,0,0,
131,bus,0.711,1,1287,241,1413,369,0,0.000,0,0,0,0,
131,car,0.418,2,1246,314,1283,345,0,0.000,0,0,0,0,
131,car,0.475,70,1389,322,1469,375,0,0.000,0,0,0,0,
131,truck,0.464,72,1285,240,1413,370,0,0.000,0,0,0,0,
132,car,0.724,47,1425,321,1514,381,0,0.000,0,0,0,0,
132,person,0.832,50,164,246,247,470,0,0.000,0,0,0,0,
132,bus,0.708,1,1287,242,1412,368,0,0.000,0,0,0,0,
132,car,0.447,2,1245,315,1283,345,0,0.000,0,0,0,0,
132,car,0.457,70,1390,322,1468,375,0,0.000,0,0,0,0,
133,car,0.713,47,1425,321,1514,381,0,0.000,0,0,0,0,
133,person,0.854,50,169,241,253,469,0,0.000,0,0,0,0,
133,bus,0.577,1,1287,244,1410,367,0,0.000,0,0,0,0,
133,car,0.425,2,1244,315,1282,345,0,0.000,0,0,0,0,
133,car,0.432,70,1391,323,1466,374,0,0.000,0,0,0,0,
134,car,0.719,47,1424,321,1514,382,0,0.000,0,0,0,0,
134,person,0.852,50,176,240,260,467,0,0.000,0,0,0,0,
134,truck,0.554,1,1286,245,1408,368,0,0.000,0,0,0,0,
134,car,0.433,2,1243,315,1282,345,0,0.000,0,0,0,0,
134,car,0.416,70,1391,323,1465,374,0,0.000,0,0,0,0,
134,bus,0.505,73,1287,246,1409,367,0,0.000,0,0,0,0,
135,car,0.710,47,1423,321,1514,382,0,0.000,0,0,0,0,
135,person,0.825,50,185,241,269,467,0,0.000,0,0,0,0,
135,truck,0.579,1,1285,246,1407,368,0,0.000,0,0,0,0,
135,car,0.399,2,1243,315,1282,345,0,0.000,0,0,0,0,
135,car,0.448,70,1391,323,1463,374,0,0.000,0,0,0,0,
135,bus,0.667,73,1287,246,1408,367,0,0.000,0,0,0,0,
136,car,0.718,47,1421,320,1512,382,0,0.000,0,0,0,0,
136,person,0.823,50,190,246,274,468,0,0.000,0,0,0,0,
136,car,0.439,2,1243,315,1282,345,0,0.000,0,0,0,0,
136,car,0.439,70,1393,323,1465,374,0,0.000,0,0,0,0,
137,car,0.707,47,1421,320,1513,382,0,0.000,0,0,0,0,
137,person,0.829,50,193,250,277,468,0,0.000,0,0,0,0,
137,car,0.446,2,1242,315,1281,344,0,0.000,0,0,0,0,
137,car,0.447,70,1393,323,1463,374,0,0.000,0,0,0,0,
137,bus,0.631,1,1286,247,1406,367,0,0.000,0,0,0,0,
138,car,0.706,47,1421,320,1512,382,0,0.000,0,0,0,0,
138,person,0.848,50,196,256,279,469,0,0.000,0,0,0,0,
138,car,0.432,2,1242,316,1281,344,0,0.000,0,0,0,0,
138,car,0.464,70,1392,323,1461,373,0,0.000,0,0,0,0,
138,truck,0.587,74,1284,247,1405,367,0,0.000,0,0,0,0,
138,bus,0.661,1,1286,248,1405,367,0,0.000,0,0,0,0,
139,car,0.696,47,1421,321,1513,382,0,0.000,0,0,0,0,
139,person,0.859,50,198,257,282,469,0,0.000,0,0,0,0,
139,car,0.408,2,1241,316,1279,344,0,0.000,0,0,0,0,
139,car,0.466,70,1391,323,1459,372,0,0.000,0,0,0,0,
140,car,0.693,47,1421,320,1514,382,0,0.000,0,0,0,0,
140,person,0.862,50,201,262,283,469,0,0.000,0,0,0,0,
140,car,0.406,2,1240,316,1278,344,0,0.000,0,0,0,0,
140,car,0.448,70,1390,323,1457,372,0,0.000,0,0,0,0,
140,bus,0.701,1,1284,249,1402,367,0,0.000,0,0,0,0,
141,car,0.691,47,1422,321,1514,382,0,0.000,0,0,0,0,
141,person,0.859,50,202,257,287,468,0,0.000,0,0,0,0,
141,car,0.428,2,1239,316,1278,344,0,0.000,0,0,0,0,
141,car,0.439,70,1389,323,1456,372,0,0.000,0,0,0,0,
141,bus,0.529,1,1283,250,1400,367,0,0.000,0,0,0,0,
142,car,0.684,47,1422,321,1514,381,0,0.000,0,0,0,0,
142,person,0.838,50,205,255,290,467,0,0.000,0,0,0,0,
142,car,0.413,2,1238,316,1277,344,0,0.000,0,0,0,0,
142,car,0.425,70,1389,323,1458,372,0,0.000,0,0,0,0,
142,truck,0.569,1,1280,248,1399,367,0,0.000,0,0,0,0,
142,bus,0.492,75,1279,249,1398,367,0,0.000,0,0,0,0,
143,car,0.690,47,1423,321,1515,382,0,0.000,0,0,0,0,
143,person,0.820,50,210,255,293,465,0,0.000,0,0,0,0,
143,car,0.395,2,1237,316,1277,343,0,0.000,0,0,0,0,
143,car,0.419,70,1387,323,1457,372,0,0.000,0,0,0,0,
143,truck,0.524,1,1278,248,1397,367,0,0.000,0,0,0,0,
143,bus,0.541,75,1278,249,1396,366,0,0.000,0,0,0,0,
144,car,0.671,47,1425,322,1515,382,0,0.000,0,0,0,0,
144,person,0.826,50,215,248,298,464,0,0.000,0,0,0,0,
144,car,0.264,2,1236,316,1276,344,0,0.000,0,0,0,0,
144,car,0.405,70,1387,323,1457,372,0,0.000,0,0,0,0,
144,truck,0.534,1,1278,248,1396,366,0,0.000,0,0,0,0,
144,bus,0.563,75,1276,249,1394,365,0,0.000,0,0,0,0,
145,car,0.662,47,1425,322,1515,382,0,0.000,0,0,0,0,
145,person,0.797,50,220,245,303,462,0,0.000,0,0,0,0,
145,car,0.253,2,1235,315,1277,344,0,0.000,0,0,0,0,
145,car,0.460,70,1385,324,1448,368,0,0.000,0,0,0,0,
145,bus,0.639,1,1277,248,1395,365,0,0.000,0,0,0,0,
146,car,0.616,47,1425,322,1515,381,0,0.000,0,0,0,0,
146,person,0.799,50,224,244,305,461,0,0.000,0,0,0,0,
146,car,0.428,70,1384,324,1445,366,0,0.000,0,0,0,0,
146,bus,0.598,1,1277,249,1393,365,0,0.000,0,0,0,0,
146,car,0.397,77,1388,323,1459,372,0,0.000,0,0,0,0,
147,car,0.559,47,1425,322,1513,381,0,0.000,0,0,0,0,
147,person,0.378,50,230,243,309,461,0,0.000,0,0,0,0,
147,car,0.502,70,1383,324,1444,366,0,0.000,0,0,0,0,
147,bus,0.636,1,1277,249,1393,365,0,0.000,0,0,0,0,
147,car,0.281,77,1388,323,1460,372,0,0.000,0,0,0,0,
148,car,0.555,47,1424,322,1512,380,0,0.000,0,0,0,0,
148,car,0.548,70,1382,323,1444,365,0,0.000,0,0,0,0,
148,bus,0.716,1,1276,250,1392,365,0,0.000,0,0,0,0,
148,car,0.281,77,1388,323,1460,373,0,0.000,0,0,0,0,
149,car,0.574,47,1425,322,1512,381,0,0.000,0,0,0,0,
149,car,0.554,70,1381,323,1442,365,0,0.000,0,0,0,0,
149,bus,0.737,1,1276,250,1391,365,0,0.000,0,0,0,0,
149,car,0.420,77,1384,323,1456,372,0,0.000,0,0,0,0,
149,person,0.800,50,236,241,314,460,0,0.000,0,0,0,0,
150,car,0.581,47,1425,323,1512,381,0,0.000,0,0,0,0,
150,car,0.591,70,1380,323,1440,364,0,0.000,0,0,0,0,
150,bus,0.751,1,1275,250,1390,364,0,0.000,0,0,0,0,
150,car,0.419,77,1382,323,1454,371,0,0.000,0,0,0,0,
150,person,0.793,50,241,246,318,460,0,0.000,0,0,0,0,
151,car,0.560,47,1424,323,1511,381,0,0.000,0,0,0,0,
151,car,0.550,70,1380,323,1439,364,0,0.000,0,0,0,0,
151,bus,0.777,1,1274,250,1389,364,0,0.000,0,0,0,0,
151,car,0.406,77,1383,323,1453,371,0,0.000,0,0,0,0,
151,person,0.773,50,244,249,320,461,0,0.000,0,0,0,0,
152,car,0.552,47,1424,323,1510,381,0,0.000,0,0,0,0,
152,car,0.547,70,1380,323,1438,364,0,0.000,0,0,0,0,
152,bus,0.825,1,1273,251,1387,364,0,0.000,0,0,0,0,
152,car,0.411,77,1383,323,1454,371,0,0.000,0,0,0,0,
152,person,0.798,50,246,251,321,460,0,0.000,0,0,0,0,
153,car,0.532,47,1423,323,1509,381,0,0.000,0,0,0,0,
153,car,0.582,70,1379,323,1438,365,0,0.000,0,0,0,0,
153,bus,0.812,1,1273,251,1386,364,0,0.000,0,0,0,0,
153,car,0.420,77,1381,323,1453,371,0,0.000,0,0,0,0,
153,person,0.787,50,249,252,324,459,0,0.000,0,0,0,0,
154,car,0.528,47,1423,323,1508,381,0,0.000,0,0,0,0,
154,car,0.586,70,1377,323,1438,365,0,0.000,0,0,0,0,
154,bus,0.774,1,1273,251,1384,362,0,0.000,0,0,0,0,
154,car,0.393,77,1380,323,1452,372,0,0.000,0,0,0,0,
154,person,0.749,50,253,256,327,459,0,0.000,0,0,0,0,
155,car,0.513,47,1424,323,1506,379,0,0.000,0,0,0,0,
155,car,0.598,70,1378,323,1438,365,0,0.000,0,0,0,0,
155,bus,0.782,1,1272,251,1382,362,0,0.000,0,0,0,0,
155,car,0.399,77,1379,323,1452,372,0,0.000,0,0,0,0,
155,person,0.724,50,255,255,329,459,0,0.000,0,0,0,0,
156,car,0.533,47,1426,323,1507,378,0,0.000,0,0,0,0,
156,car,0.599,70,1378,324,1438,365,0,0.000,0,0,0,0,
156,bus,0.756,1,1270,252,1381,362,0,0.000,0,0,0,0,
156,car,0.258,77,1383,323,1455,373,0,0.000,0,0,0,0,
156,person,0.798,50,261,253,334,452,0,0.000,0,0,0,0,
157,car,0.569,47,1426,323,1509,379,0,0.000,0,0,0,0,
157,car,0.587,70,1378,324,1438,365,0,0.000,0,0,0,0,
157,bus,0.754,1,1269,252,1379,362,0,0.000,0,0,0,0,
157,car,0.382,77,1382,323,1454,372,0,0.000,0,0,0,0,
157,person,0.792,50,266,252,338,449,0,0.000,0,0,0,0,
158,car,0.554,47,1427,323,1510,379,0,0.000,0,0,0,0,
158,car,0.575,70,1379,324,1440,365,0,0.000,0,0,0,0,
158,bus,0.709,1,1269,252,1378,362,0,0.000,0,0,0,0,
158,person,0.788,50,272,246,346,450,0,0.000,0,0,0,0,
159,car,0.541,47,1427,323,1511,379,0,0.000,0,0,0,0,
159,car,0.564,70,1380,324,1442,365,0,0.000,0,0,0,0,
159,bus,0.747,1,1270,252,1379,362,0,0.000,0,0,0,0,
159,person,0.799,50,279,244,353,450,0,0.000,0,0,0,0,
159,car,0.256,77,1386,324,1459,373,0,0.000,0,0,0,0,
160,car,0.542,47,1427,323,1510,378,0,0.000,0,0,0,0,
160,car,0.567,70,1381,324,1442,365,0,0.000,0,0,0,0,
160,bus,0.783,1,1270,252,1379,362,0,0.000,0,0,0,0,
160,person,0.804,50,285,245,359,451,0,0.000,0,0,0,0,
160,car,0.253,77,1388,324,1460,373,0,0.000,0,0,0,0,
161,car,0.532,47,1427,323,1510,378,0,0.000,0,0,0,0,
161,car,0.564,70,1381,324,1444,365,0,0.000,0,0,0,0,
161,bus,0.773,1,1269,252,1378,361,0,0.000,0,0,0,0,
161,person,0.790,50,290,250,361,451,0,0.000,0,0,0,0,
161,car,0.252,77,1389,324,1460,373,0,0.000,0,0,0,0,
162,car,0.534,47,1427,323,1510,378,0,0.000,0,0,0,0,
162,car,0.557,70,1381,325,1443,365,0,0.000,0,0,0,0,
162,bus,0.758,1,1269,252,1377,361,0,0.000,0,0,0,0,
162,person,0.744,50,296,257,365,452,0,0.000,0,0,0,0,
162,car,0.255,77,1390,324,1461,374,0,0.000,0,0,0,0,
163,car,0.525,47,1427,323,1511,378,0,0.000,0,0,0,0,
163,car,0.544,70,1381,325,1444,365,0,0.000,0,0,0,0,
163,bus,0.759,1,1268,252,1376,361,0,0.000,0,0,0,0,
163,person,0.732,50,301,262,370,451,0,0.000,0,0,0,0,
163,car,0.260,77,1390,324,1461,374,0,0.000,0,0,0,0,
164,car,0.549,47,1427,323,1511,378,0,0.000,0,0,0,0,
164,car,0.542,70,1381,325,1444,365,0,0.000,0,0,0,0,
164,bus,0.785,1,1267,252,1376,361,0,0.000,0,0,0,0,
164,person,0.804,50,306,265,374,451,0,0.000,0,0,0,0,
164,car,0.269,77,1391,324,1461,374,0,0.000,0,0,0,0,
165,car,0.553,47,1427,323,1511,378,0,0.000,0,0,0,0,
165,car,0.550,70,1381,325,1444,365,0,0.000,0,0,0,0,
165,bus,0.764,1,1267,254,1373,361,0,0.000,0,0,0,0,
165,person,0.824,50,307,262,378,451,0,0.000,0,0,0,0,
165,car,0.267,77,1390,324,1459,373,0,0.000,0,0,0,0,
166,car,0.533,47,1426,323,1510,378,0,0.000,0,0,0,0,
166,car,0.531,70,1381,325,1444,365,0,0.000,0,0,0,0,
166,bus,0.772,1,1265,254,1370,360,0,0.000,0,0,0,0,
166,person,0.821,50,309,262,380,451,0,0.000,0,0,0,0,
166,car,0.370,77,1387,324,1456,372,0,0.000,0,0,0,0,
167,car,0.536,47,1424,323,1511,380,0,0.000,0,0,0,0,
167,car,0.553,70,1381,325,1445,365,0,0.000,0,0,0,0,
167,bus,0.782,1,1264,254,1369,359,0,0.000,0,0,0,0,
167,person,0.836,50,309,262,382,451,0,0.000,0,0,0,0,
167,car,0.374,77,1386,323,1454,372,0,0.000,0,0,0,0,
167,car,0.362,88,1368,322,1403,357,0,0.000,0,0,0,0,
168,car,0.599,47,1424,323,1514,381,0,0.000,0,0,0,0,
168,car,0.566,70,1379,324,1442,365,0,0.000,0,0,0,0,
168,bus,0.794,1,1263,254,1367,358,0,0.000,0,0,0,0,
168,person,0.854,50,311,259,385,450,0,0.000,0,0,0,0,
168,car,0.351,77,1385,323,1452,371,0,0.000,0,0,0,0,
168,car,0.433,88,1365,321,1402,357,0,0.000,0,0,0,0,
169,car,0.589,47,1424,323,1514,382,0,0.000,0,0,0,0,
169,car,0.564,70,1379,324,1442,364,0,0.000,0,0,0,0,
169,bus,0.790,1,1262,254,1366,358,0,0.000,0,0,0,0,
169,person,0.812,50,313,258,388,450,0,0.000,0,0,0,0,
169,car,0.356,77,1385,323,1452,371,0,0.000,0,0,0,0,
169,car,0.496,88,1362,320,1400,357,0,0.000,0,0,0,0,
170,car,0.598,47,1424,323,1515,382,0,0.000,0,0,0,0,
170,car,0.576,70,1379,324,1441,364,0,0.000,0,0,0,0,
170,bus,0.773,1,1261,255,1364,358,0,0.000,0,0,0,0,
170,person,0.769,50,318,257,393,450,0,0.000,0,0,0,0,
170,car,0.355,77,1384,323,1451,370,0,0.000,0,0,0,0,
170,car,0.509,88,1361,320,1399,357,0,0.000,0,0,0,0,
171,car,0.601,47,1424,323,1515,382,0,0.000,0,0,0,0,
171,car,0.571,70,1379,324,1440,363,0,0.000,0,0,0,0,
171,bus,0.757,1,1260,255,1363,357,0,0.000,0,0,0,0,
171,person,0.762,50,324,257,397,448,0,0.000,0,0,0,0,
171,car,0.340,77,1384,323,1451,370,0,0.000,0,0,0,0,
171,car,0.567,88,1361,320,1399,358,0,0.000,0,0,0,0,
172,car,0.588,47,1425,323,1515,382,0,0.000,0,0,0,0,
172,car,0.565,70,1380,324,1441,363,0,0.000,0,0,0,0,
172,bus,0.723,1,1259,256,1362,357,0,0.000,0,0,0,0,
172,person,0.773,50,328,259,399,447,0,0.000,0,0,0,0,
172,car,0.357,77,1384,323,1451,371,0,0.000,0,0,0,0,
172,car,0.557,88,1360,320,1398,358,0,0.000,0,0,0,0,
173,car,0.588,47,1424,323,1514,382,0,0.000,0,0,0,0,
173,car,0.582,70,1380,324,1441,363,0,0.000,0,0,0,0,
173,bus,0.721,1,1259,257,1361,357,0,0.000,0,0,0,0,
173,person,0.800,50,333,258,402,445,0,0.000,0,0,0,0,
173,car,0.364,77,1384,324,1451,371,0,0.000,0,0,0,0,
173,car,0.569,88,1361,320,1398,357,0,0.000,0,0,0,0,
174,car,0.583,47,1426,323,1513,381,0,0.000,0,0,0,0,
174,car,0.566,70,1380,324,1440,363,0,0.000,0,0,0,0,
174,bus,0.722,1,1259,257,1361,357,0,0.000,0,0,0,0,
174,person,0.607,50,336,258,405,444,0,0.000,0,0,0,0,
174,car,0.364,77,1384,324,1451,371,0,0.000,0,0,0,0,
174,car,0.561,88,1362,321,1399,357,0,0.000,0,0,0,0,
175,car,0.562,47,1427,323,1513,380,0,0.000,0,0,0,0,
175,car,0.560,70,1381,324,1440,363,0,0.000,0,0,0,0,
175,bus,0.729,1,1258,257,1359,357,0,0.000,0,0,0,0,
175,person,0.583,50,339,256,407,444,0,0.000,0,0,0,0,
175,car,0.375,77,1384,324,1451,371,0,0.000,0,0,0,0,
175,car,0.580,88,1361,321,1397,357,0,0.000,0,0,0,0,
176,car,0.563,47,1427,323,1513,380,0,0.000,0,0,0,0,
176,car,0.561,70,1381,324,1440,363,0,0.000,0,0,0,0,
176,bus,0.707,1,1256,257,1358,357,0,0.000,0,0,0,0,
176,person,0.593,50,342,262,407,445,0,0.000,0,0,0,0,
176,car,0.366,77,1384,324,1451,371,0,0.000,0,0,0,0,
176,car,0.607,88,1360,321,1397,357,0,0.000,0,0,0,0,
177,car,0.536,47,1425,323,1513,381,0,0.000,0,0,0,0,
177,car,0.561,70,1381,324,1440,363,0,0.000,0,0,0,0,
177,bus,0.670,1,1256,257,1358,358,0,0.000,0,0,0,0,
177,person,0.763,50,345,258,412,444,0,0.000,0,0,0,0,
177,car,0.369,77,1384,324,1452,371,0,0.000,0,0,0,0,
177,car,0.608,88,1361,321,1397,357,0,0.000,0,0,0,0,
178,car,0.552,47,1426,323,1512,380,0,0.000,0,0,0,0,
178,car,0.546,70,1381,324,1439,363,0,0.000,0,0,0,0,
178,bus,0.683,1,1255,257,1357,358,0,0.000,0,0,0,0,
178,person,0.801,50,347,255,414,444,0,0.000,0,0,0,0,
178,car,0.367,77,1384,324,1451,371,0,0.000,0,0,0,0,
178,car,0.617,88,1361,321,1398,357,0,0.000,0,0,0,0,
178,car,0.384,89,1348,320,1396,355,0,0.000,0,0,0,0,
179,car,0.536,47,1426,324,1511,379,0,0.000,0,0,0,0,
179,car,0.548,70,1380,324,1438,363,0,0.000,0,0,0,0,
179,bus,0.641,1,1255,257,1357,358,0,0.000,0,0,0,0,
179,person,0.770,50,349,255,416,444,0,0.000,0,0,0,0,
179,car,0.348,77,1384,324,1451,371,0,0.000,0,0,0,0,
179,car,0.634,88,1362,321,1399,357,0,0.000,0,0,0,0,
179,car,0.357,89,1348,320,1396,355,0,0.000,0,0,0,0,
180,car,0.511,47,1426,324,1510,379,0,0.000,0,0,0,0,
180,car,0.529,70,1381,324,1438,363,0,0.000,0,0,0,0,
180,bus,0.639,1,1255,258,1356,358,0,0.000,0,0,0,0,
180,person,0.755,50,350,255,417,443,0,0.000,0,0,0,0,
180,car,0.372,77,1384,324,1452,372,0,0.000,0,0,0,0,
180,car,0.643,88,1362,321,1399,356,0,0.000,0,0,0,0,
180,car,0.432,89,1347,319,1396,354,0,0.000,0,0,0,0,
181,car,0.498,47,1425,324,1509,379,0,0.000,0,0,0,0,
181,car,0.502,70,1381,324,1438,362,0,0.000,0,0,0,0,
181,bus,0.506,1,1254,259,1355,357,0,0.000,0,0,0,0,
181,person,0.733,50,352,257,420,444,0,0.000,0,0,0,0,
181,car,0.355,77,1385,324,1452,372,0,0.000,0,0,0,0,
181,car,0.666,88,1360,321,1398,356,0,0.000,0,0,0,0,
181,car,0.416,89,1347,319,1396,354,0,0.000,0,0,0,0,
181,truck,0.464,92,1254,257,1355,357,0,0.000,0,0,0,0,
182,car,0.475,47,1425,324,1507,378,0,0.000,0,0,0,0,
182,car,0.496,70,1382,324,1439,363,0,0.000,0,0,0,0,
182,bus,0.557,1,1254,259,1354,357,0,0.000,0,0,0,0,
182,person,0.734,50,357,259,423,443,0,0.000,0,0,0,0,
182,car,0.357,77,1385,324,1453,372,0,0.000,0,0,0,0,
182,car,0.642,88,1359,321,1398,356,0,0.000,0,0,0,0,
182,car,0.428,89,1346,318,1395,354,0,0.000,0,0,0,0,
182,truck,0.416,92,1255,258,1355,358,0,0.000,0,0,0,0,
183,car,0.487,47,1426,324,1506,378,0,0.000,0,0,0,0,
183,car,0.496,70,1382,324,1439,363,0,0.000,0,0,0,0,
183,bus,0.560,1,1254,260,1353,357,0,0.000,0,0,0,0,
183,person,0.759,50,361,262,427,442,0,0.000,0,0,0,0,
183,car,0.363,77,1385,324,1453,372,0,0.000,0,0,0,0,
183,car,0.635,88,1359,321,1399,356,0,0.000,0,0,0,0,
183,car,0.430,89,1345,319,1394,354,0,0.000,0,0,0,0,
183,truck,0.435,92,1255,258,1354,357,0,0.000,0,0,0,0,
184,car,0.486,47,1426,324,1506,378,0,0.000,0,0,0,0,
184,car,0.474,70,1382,324,1439,363,0,0.000,0,0,0,0,
184,truck,0.438,1,1254,259,1352,357,0,0.000,0,0,0,0,
184,person,0.759,50,366,263,430,440,0,0.000,0,0,0,0,
184,car,0.350,77,1384,324,1453,372,0,0.000,0,0,0,0,
184,car,0.623,88,1359,321,1399,356,0,0.000,0,0,0,0,
184,car,0.439,89,1345,319,1392,354,0,0.000,0,0,0,0,
184,bus,0.448,92,1256,259,1354,357,0,0.000,0,0,0,0,
185,car,0.486,47,1426,324,1507,378,0,0.000,0,0,0,0,
185,car,0.477,70,1382,324,1439,362,0,0.000,0,0,0,0,
185,truck,0.411,1,1253,259,1352,357,0,0.000,0,0,0,0,
185,person,0.733,50,371,261,435,439,0,0.000,0,0,0,0,
185,car,0.342,77,1384,324,1453,372,0,0.000,0,0,0,0,
185,car,0.631,88,1361,321,1400,356,0,0.000,0,0,0,0,
185,car,0.467,89,1344,319,1391,354,0,0.000,0,0,0,0,
185,bus,0.421,92,1255,260,1353,358,0,0.000,0,0,0,0,
186,car,0.509,47,1427,324,1507,378,0,0.000,0,0,0,0,
186,car,0.491,70,1382,324,1438,362,0,0.000,0,0,0,0,
186,bus,0.493,1,1252,260,1350,357,0,0.000,0,0,0,0,
186,person,0.745,50,377,258,442,440,0,0.000,0,0,0,0,
186,car,0.353,77,1384,324,1452,372,0,0.000,0,0,0,0,
186,car,0.630,88,1362,321,1401,356,0,0.000,0,0,0,0,
186,car,0.450,89,1345,320,1391,353,0,0.000,0,0,0,0,
186,truck,0.398,92,1253,260,1350,357,0,0.000,0,0,0,0,
187,car,0.507,47,1427,324,1506,378,0,0.000,0,0,0,0,
187,car,0.483,70,1382,324,1438,362,0,0.000,0,0,0,0,
187,truck,0.416,1,1251,260,1350,357,0,0.000,0,0,0,0,
187,person,0.749,50,381,258,445,440,0,0.000,0,0,0,0,
187,car,0.360,77,1384,324,1452,372,0,0.000,0,0,0,0,
187,car,0.618,88,1362,322,1401,356,0,0.000,0,0,0,0,
187,car,0.442,89,1346,320,1391,353,0,0.000,0,0,0,0,
187,bus,0.481,92,1251,259,1349,358,0,0.000,0,0,0,0,
188,car,0.506,47,1427,324,1506,378,0,0.000,0,0,0,0,
188,car,0.483,70,1382,324,1437,362,0,0.000,0,0,0,0,
188,truck,0.386,1,1251,259,1350,356,0,0.000,0,0,0,0,
188,person,0.780,50,385,257,449,438,0,0.000,0,0,0,0,
188,car,0.352,77,1384,324,1451,372,0,0.000,0,0,0,0,
188,car,0.630,88,1362,322,1400,356,0,0.000,0,0,0,0,
188,car,0.491,89,1346,321,1391,353,0,0.000,0,0,0,0,
188,bus,0.517,92,1251,259,1349,357,0,0.000,0,0,0,0,
189,car,0.521,47,1427,324,1507,378,0,0.000,0,0,0,0,
189,car,0.487,70,1382,324,1437,362,0,0.000,0,0,0,0,
189,bus,0.413,1,1252,260,1349,355,0,0.000,0,0,0,0,
189,person,0.750,50,390,257,453,437,0,0.000,0,0,0,0,
189,car,0.343,77,1384,324,1450,372,0,0.000,0,0,0,0,
189,car,0.629,88,1362,322,1400,356,0,0.000,0,0,0,0,
189,car,0.522,89,1345,321,1390,353,0,0.000,0,0,0,0,
189,truck,0.392,92,1252,259,1349,356,0,0.000,0,0,0,0,
190,car,0.515,47,1428,324,1507,378,0,0.000,0,0,0,0,
190,car,0.482,70,1383,324,1438,362,0,0.000,0,0,0,0,
190,bus,0.436,1,1252,261,1347,355,0,0.000,0,0,0,0,
190,person,0.724,50,395,263,457,437,0,0.000,0,0,0,0,
190,car,0.355,77,1384,324,1450,372,0,0.000,0,0,0,0,
190,car,0.633,88,1362,322,1401,356,0,0.000,0,0,0,0,
190,car,0.537,89,1344,321,1389,353,0,0.000,0,0,0,0,
190,truck,0.401,92,1252,259,1348,356,0,0.000,0,0,0,0,
191,car,0.518,47,1428,324,1508,379,0,0.000,0,0,0,0,
191,car,0.477,70,1383,324,1438,362,0,0.000,0,0,0,0,
191,truck,0.353,1,1249,260,1346,355,0,0.000,0,0,0,0,
191,person,0.737,50,400,269,461,438,0,0.000,0,0,0,0,
191,car,0.353,77,1384,324,1449,372,0,0.000,0,0,0,0,
191,car,0.624,88,1363,322,1401,356,0,0.000,0,0,0,0,
191,car,0.555,89,1343,321,1388,353,0,0.000,0,0,0,0,
191,bus,0.514,92,1249,259,1346,356,0,0.000,0,0,0,0,
192,car,0.530,47,1428,323,1509,379,0,0.000,0,0,0,0,
192,car,0.459,70,1383,324,1438,362,0,0.000,0,0,0,0,
192,truck,0.357,1,1247,260,1344,354,0,0.000,0,0,0,0,
192,person,0.744,50,403,271,464,438,0,0.000,0,0,0,0,
192,car,0.337,77,1385,324,1450,372,0,0.000,0,0,0,0,
192,car,0.613,88,1362,322,1400,356,0,0.000,0,0,0,0,
192,car,0.575,89,1341,321,1386,353,0,0.000,0,0,0,0,
192,bus,0.396,92,1247,259,1343,355,0,0.000,0,0,0,0,
193,car,0.532,47,1428,323,1510,379,0,0.000,0,0,0,0,
193,car,0.458,70,1383,325,1437,362,0,0.000,0,0,0,0,
193,bus,0.341,1,1245,260,1341,355,0,0.000,0,0,0,0,
193,person,0.768,50,406,275,466,438,0,0.000,0,0,0,0,
193,car,0.337,77,1385,324,1450,371,0,0.000,0,0,0,0,
193,car,0.611,88,1361,322,1398,356,0,0.000,0,0,0,0,
193,car,0.594,89,1341,322,1385,353,0,0.000,0,0,0,0,
193,truck,0.405,92,1246,259,1341,354,0,0.000,0,0,0,0,
194,car,0.541,47,1428,323,1510,380,0,0.000,0,0,0,0,
194,car,0.471,70,1383,325,1437,361,0,0.000,0,0,0,0,
194,truck,0.421,1,1245,260,1342,355,0,0.000,0,0,0,0,
194,person,0.717,50,405,269,469,438,0,0.000,0,0,0,0,
194,car,0.338,77,1385,324,1449,371,0,0.000,0,0,0,0,
194,car,0.608,88,1361,322,1398,356,0,0.000,0,0,0,0,
194,car,0.619,89,1340,322,1383,353,0,0.000,0,0,0,0,
194,bus,0.438,92,1245,259,1341,355,0,0.000,0,0,0,0,
195,car,0.546,47,1428,323,1510,380,0,0.000,0,0,0,0,
195,car,0.474,70,1383,325,1436,361,0,0.000,0,0,0,0,
195,bus,0.536,1,1246,260,1342,354,0,0.000,0,0,0,0,
195,person,0.722,50,406,267,472,438,0,0.000,0,0,0,0,
195,car,0.337,77,1385,324,1448,371,0,0.000,0,0,0,0,
195,car,0.607,88,1362,322,1399,356,0,0.000,0,0,0,0,
195,car,0.606,89,1339,322,1382,353,0,0.000,0,0,0,0,
195,truck,0.320,92,1246,259,1341,354,0,0.000,0,0,0,0,
196,car,0.538,47,1429,323,1510,380,0,0.000,0,0,0,0,
196,car,0.461,70,1383,325,1436,362,0,0.000,0,0,0,0,
196,bus,0.395,1,1246,261,1340,354,0,0.000,0,0,0,0,
196,person,0.738,50,407,270,472,437,0,0.000,0,0,0,0,
196,car,0.336,77,1385,324,1448,371,0,0.000,0,0,0,0,
196,car,0.578,88,1362,323,1398,356,0,0.000,0,0,0,0,
196,car,0.566,89,1340,322,1381,352,0,0.000,0,0,0,0,
197,car,0.539,47,1429,323,1510,380,0,0.000,0,0,0,0,
197,car,0.468,70,1383,325,1436,362,0,0.000,0,0,0,0,
197,bus,0.420,1,1245,261,1339,353,0,0.000,0,0,0,0,
197,person,0.732,50,411,270,476,436,0,0.000,0,0,0,0,
197,car,0.333,77,1385,324,1448,371,0,0.000,0,0,0,0,
197,car,0.576,88,1362,323,1398,356,0,0.000,0,0,0,0,
197,car,0.579,89,1340,323,1380,352,0,0.000,0,0,0,0,
198,car,0.550,47,1429,323,1510,380,0,0.000,0,0,0,0,
198,car,0.466,70,1384,325,1437,362,0,0.000,0,0,0,0,
198,bus,0.395,1,1244,260,1338,353,0,0.000,0,0,0,0,
198,person,0.749,50,414,269,478,435,0,0.000,0,0,0,0,
198,car,0.342,77,1385,324,1448,371,0,0.000,0,0,0,0,
198,car,0.564,88,1362,323,1398,356,0,0.000,0,0,0,0,
198,car,0.560,89,1342,323,1382,352,0,0.000,0,0,0,0,
199,car,0.552,47,1428,323,1510,380,0,0.000,0,0,0,0,
199,car,0.453,70,1384,325,1436,362,0,0.000,0,0,0,0,
199,truck,0.254,1,1244,261,1336,352,0,0.000,0,0,0,0,
199,person,0.745,50,417,270,480,432,0,0.000,0,0,0,0,
199,car,0.340,77,1385,324,1448,371,0,0.000,0,0,0,0,
199,car,0.576,88,1361,323,1397,356,0,0.000,0,0,0,0,
199,car,0.547,89,1343,323,1383,352,0,0.000,0,0,0,0,
200,car,0.561,47,1428,323,1510,380,0,0.000,0,0,0,0,
200,car,0.474,70,1384,325,1436,361,0,0.000,0,0,0,0,
200,bus,0.365,1,1245,262,1336,352,0,0.000,0,0,0,0,
200,person,0.721,50,421,268,483,432,0,0.000,0,0,0,0,
200,car,0.340,77,1386,324,1447,370,0,0.000,0,0,0,0,
200,car,0.582,88,1362,323,1398,356,0,0.000,0,0,0,0,
200,car,0.554,89,1343,323,1382,352,0,0.000,0,0,0,0,
201,car,0.568,47,1429,323,1510,380,0,0.000,0,0,0,0,
201,car,0.479,70,1384,325,1436,361,0,0.000,0,0,0,0,
201,truck,0.404,1,1246,262,1337,353,0,0.000,0,0,0,0,
201,person,0.741,50,424,263,487,431,0,0.000,0,0,0,0,
201,car,0.339,77,1386,324,1447,370,0,0.000,0,0,0,0,
201,car,0.586,88,1362,323,1398,356,0,0.000,0,0,0,0,
201,car,0.573,89,1343,323,1382,352,0,0.000,0,0,0,0,
202,car,0.574,47,1429,323,1510,380,0,0.000,0,0,0,0,
202,car,0.483,70,1384,325,1436,361,0,0.000,0,0,0,0,
202,bus,0.486,1,1245,261,1337,353,0,0.000,0,0,0,0,
202,person,0.725,50,427,258,490,430,0,0.000,0,0,0,0,
202,car,0.343,77,1386,324,1447,370,0,0.000,0,0,0,0,
202,car,0.607,88,1362,323,1398,356,0,0.000,0,0,0,0,
202,car,0.580,89,1342,323,1381,352,0,0.000,0,0,0,0,
202,truck,0.350,97,1247,261,1337,353,0,0.000,0,0,0,0,
203,car,0.575,47,1428,323,1510,380,0,0.000,0,0,0,0,
203,car,0.475,70,1384,325,1436,361,0,0.000,0,0,0,0,
203,truck,0.295,1,1245,261,1336,353,0,0.000,0,0,0,0,
203,person,0.280,50,430,261,491,428,0,0.000,0,0,0,0,
203,car,0.346,77,1386,324,1447,370,0,0.000,0,0,0,0,
203,car,0.592,88,1362,323,1398,356,0,0.000,0,0,0,0,
203,car,0.580,89,1343,323,1381,352,0,0.000,0,0,0,0,
203,bus,0.515,97,1246,261,1335,354,0,0.000,0,0,0,0,
204,car,0.576,47,1428,323,1510,380,0,0.000,0,0,0,0,
204,car,0.475,70,1384,325,1436,361,0,0.000,0,0,0,0,
204,truck,0.346,1,1245,261,1335,354,0,0.000,0,0,0,0,
204,person,0.755,50,432,262,492,429,0,0.000,0,0,0,0,
204,car,0.347,77,1385,324,1447,370,0,0.000,0,0,0,0,
204,car,0.614,88,1362,323,1398,356,0,0.000,0,0,0,0,
204,car,0.587,89,1343,323,1381,352,0,0.000,0,0,0,0,
204,bus,0.497,97,1244,261,1335,354,0,0.000,0,0,0,0,
205,car,0.573,47,1428,323,1509,380,0,0.000,0,0,0,0,
205,car,0.475,70,1384,325,1436,361,0,0.000,0,0,0,0,
205,bus,0.464,1,1245,262,1334,354,0,0.000,0,0,0,0,
205,person,0.766,50,434,262,494,430,0,0.000,0,0,0,0,
205,car,0.349,77,1386,324,1447,371,0,0.000,0,0,0,0,
205,car,0.607,88,1361,323,1397,356,0,0.000,0,0,0,0,
205,car,0.539,89,1344,323,1381,352,0,0.000,0,0,0,0,
205,truck,0.325,97,1245,262,1334,354,0,0.000,0,0,0,0,
206,car,0.596,47,1428,323,1509,380,0,0.000,0,0,0,0,
206,car,0.481,70,1384,325,1435,361,0,0.000,0,0,0,0,
206,bus,0.558,1,1244,263,1332,354,0,0.000,0,0,0,0,
206,person,0.752,50,437,266,495,430,0,0.000,0,0,0,0,
206,car,0.344,77,1385,324,1447,371,0,0.000,0,0,0,0,
206,car,0.643,88,1362,322,1398,357,0,0.000,0,0,0,0,
206,car,0.521,89,1343,323,1381,352,0,0.000,0,0,0,0,
206,truck,0.337,97,1244,262,1332,353,0,0.000,0,0,0,0,
207,car,0.588,47,1428,323,1509,380,0,0.000,0,0,0,0,
207,car,0.488,70,1384,325,1435,360,0,0.000,0,0,0,0,
207,bus,0.519,1,1244,263,1331,353,0,0.000,0,0,0,0,
207,person,0.705,50,441,273,497,432,0,0.000,0,0,0,0,
207,car,0.339,77,1385,324,1446,371,0,0.000,0,0,0,0,
207,car,0.644,88,1362,322,1398,357,0,0.000,0,0,0,0,
207,car,0.540,89,1345,323,1381,352,0,0.000,0,0,0,0,
207,truck,0.321,97,1245,262,1332,353,0,0.000,0,0,0,0,
208,car,0.583,47,1428,323,1509,380,0,0.000,0,0,0,0,
208,car,0.488,70,1384,325,1435,360,0,0.000,0,0,0,0,
208,bus,0.527,1,1245,263,1330,352,0,0.000,0,0,0,0,
208,person,0.626,50,443,275,499,432,0,0.000,0,0,0,0,
208,car,0.335,77,1385,324,1446,370,0,0.000,0,0,0,0,
208,car,0.656,88,1361,322,1398,357,0,0.000,0,0,0,0,
208,car,0.552,89,1346,323,1382,352,0,0.000,0,0,0,0,
208,truck,0.291,97,1245,262,1332,352,0,0.000,0,0,0,0,
209,car,0.580,47,1428,323,1509,380,0,0.000,0,0,0,0,
209,car,0.490,70,1384,325,1434,360,0,0.000,0,0,0,0,
209,person,0.651,50,446,275,501,432,0,0.000,0,0,0,0,
209,car,0.334,77,1385,324,1445,370,0,0.000,0,0,0,0,
209,car,0.648,88,1361,322,1398,357,0,0.000,0,0,0,0,
209,car,0.563,89,1346,323,1382,352,0,0.000,0,0,0,0,
210,car,0.563,47,1428,323,1508,380,0,0.000,0,0,0,0,
210,car,0.491,70,1384,325,1434,360,0,0.000,0,0,0,0,
210,person,0.705,50,449,276,503,431,0,0.000,0,0,0,0,
210,car,0.331,77,1385,324,1445,370,0,0.000,0,0,0,0,
210,car,0.650,88,1361,322,1398,357,0,0.000,0,0,0,0,
210,car,0.566,89,1346,323,1381,352,0,0.000,0,0,0,0,
210,bus,0.669,1,1245,262,1330,351,0,0.000,0,0,0,0,
211,car,0.573,47,1428,323,1508,380,0,0.000,0,0,0,0,
211,car,0.484,70,1384,325,1434,360,0,0.000,0,0,0,0,
211,person,0.590,50,453,276,506,429,0,0.000,0,0,0,0,
211,car,0.324,77,1386,324,1445,371,0,0.000,0,0,0,0,
211,car,0.628,88,1361,322,1398,357,0,0.000,0,0,0,0,
211,car,0.565,89,1345,323,1380,352,0,0.000,0,0,0,0,
211,bus,0.532,1,1245,262,1330,351,0,0.000,0,0,0,0,
212,car,0.578,47,1428,323,1508,380,0,0.000,0,0,0,0,
212,car,0.493,70,1384,325,1434,360,0,0.000,0,0,0,0,
212,person,0.621,50,455,264,512,429,0,0.000,0,0,0,0,
212,car,0.323,77,1386,324,1445,371,0,0.000,0,0,0,0,
212,car,0.628,88,1362,322,1398,357,0,0.000,0,0,0,0,
212,car,0.570,89,1344,323,1378,351,0,0.000,0,0,0,0,
212,bus,0.493,1,1245,262,1329,350,0,0.000,0,0,0,0,
213,car,0.569,47,1428,323,1509,380,0,0.000,0,0,0,0,
213,car,0.501,70,1383,325,1434,360,0,0.000,0,0,0,0,
213,person,0.698,50,458,262,515,427,0,0.000,0,0,0,0,
213,car,0.324,77,1386,324,1445,371,0,0.000,0,0,0,0,
213,car,0.631,88,1363,322,1399,357,0,0.000,0,0,0,0,
213,car,0.570,89,1344,323,1378,351,0,0.000,0,0,0,0,
213,bus,0.605,1,1244,262,1328,349,0,0.000,0,0,0,0,
214,car,0.575,47,1428,323,1509,380,0,0.000,0,0,0,0,
214,car,0.500,70,1383,325,1434,360,0,0.000,0,0,0,0,
214,person,0.735,50,460,263,517,426,0,0.000,0,0,0,0,
214,car,0.322,77,1386,324,1445,370,0,0.000,0,0,0,0,
214,car,0.635,88,1363,322,1399,357,0,0.000,0,0,0,0,
214,car,0.560,89,1345,323,1379,351,0,0.000,0,0,0,0,
214,bus,0.535,1,1244,262,1327,348,0,0.000,0,0,0,0,
215,car,0.579,47,1428,323,1509,381,0,0.000,0,0,0,0,
215,car,0.489,70,1383,325,1434,360,0,0.000,0,0,0,0,
215,person,0.692,50,463,263,520,426,0,0.000,0,0,0,0,
215,car,0.314,77,1386,324,1445,370,0,0.000,0,0,0,0,
215,car,0.625,88,1363,322,1399,357,0,0.000,0,0,0,0,
215,car,0.552,89,1345,322,1380,351,0,0.000,0,0,0,0,
215,bus,0.284,1,1244,262,1326,348,0,0.000,0,0,0,0,
216,car,0.569,47,1429,323,1509,380,0,0.000,0,0,0,0,
216,car,0.501,70,1383,324,1434,360,0,0.000,0,0,0,0,
216,person,0.601,50,467,263,524,427,0,0.000,0,0,0,0,
216,car,0.330,77,1387,324,1445,370,0,0.000,0,0,0,0,
216,car,0.609,88,1363,322,1399,357,0,0.000,0,0,0,0,
216,car,0.588,89,1345,322,1381,352,0,0.000,0,0,0,0,
216,bus,0.384,1,1247,263,1329,348,0,0.000,0,0,0,0,
216,car,0.327,100,1245,308,1344,349,0,0.000,0,0,0,0,
217,car,0.581,47,1429,323,1510,381,0,0.000,0,0,0,0,
217,car,0.502,70,1383,324,1435,360,0,0.000,0,0,0,0,
217,person,0.351,50,471,269,525,425,0,0.000,0,0,0,0,
217,car,0.333,77,1387,324,1445,369,0,0.000,0,0,0,0,
217,car,0.607,88,1363,322,1399,357,0,0.000,0,0,0,0,
217,car,0.599,89,1345,322,1381,352,0,0.000,0,0,0,0,
217,bus,0.318,1,1247,263,1329,348,0,0.000,0,0,0,0,
217,car,0.362,100,1244,307,1345,349,0,0.000,0,0,0,0,
218,car,0.581,47,1429,323,1510,381,0,0.000,0,0,0,0,
218,car,0.506,70,1383,324,1434,360,0,0.000,0,0,0,0,
218,person,0.651,50,474,269,527,423,0,0.000,0,0,0,0,
218,car,0.327,77,1387,324,1445,369,0,0.000,0,0,0,0,
218,car,0.611,88,1364,322,1399,357,0,0.000,0,0,0,0,
218,car,0.595,89,1346,322,1382,352,0,0.000,0,0,0,0,
218,bus,0.355,1,1248,264,1330,348,0,0.000,0,0,0,0,
218,car,0.347,100,1243,306,1346,349,0,0.000,0,0,0,0,
219,car,0.574,47,1429,323,1510,381,0,0.000,0,0,0,0,
219,car,0.503,70,1383,324,1434,360,0,0.000,0,0,0,0,
219,person,0.591,50,477,272,529,422,0,0.000,0,0,0,0,
219,car,0.324,77,1387,324,1445,369,0,0.000,0,0,0,0,
219,car,0.615,88,1364,322,1399,357,0,0.000,0,0,0,0,
219,car,0.584,89,1345,322,1382,352,0,0.000,0,0,0,0,
219,car,0.302,1,1252,272,1328,348,0,0.000,0,0,0,0,
219,car,0.356,100,1238,303,1346,349,0,0.000,0,0,0,0,
220,car,0.584,47,1429,323,1510,381,0,0.000,0,0,0,0,
220,car,0.508,70,1382,324,1434,360,0,0.000,0,0,0,0,
220,person,0.611,50,480,274,533,423,0,0.000,0,0,0,0,
220,car,0.317,77,1387,323,1445,369,0,0.000,0,0,0,0,
220,car,0.621,88,1364,322,1399,357,0,0.000,0,0,0,0,
220,car,0.615,89,1345,321,1382,352,0,0.000,0,0,0,0,
220,car,0.405,1,1250,272,1330,349,0,0.000,0,0,0,0,
220,car,0.329,100,1244,306,1344,349,0,0.000,0,0,0,0,
220,car,0.332,109,1304,317,1345,347,0,0.000,0,0,0,0,
221,car,0.590,47,1428,323,1510,381,0,0.000,0,0,0,0,
221,car,0.512,70,1382,324,1434,360,0,0.000,0,0,0,0,
221,person,0.714,50,482,275,535,423,0,0.000,0,0,0,0,
221,car,0.321,77,1387,324,1445,369,0,0.000,0,0,0,0,
221,car,0.619,88,1364,322,1399,357,0,0.000,0,0,0,0,
221,car,0.614,89,1344,321,1382,352,0,0.000,0,0,0,0,
221,car,0.440,1,1248,271,1330,350,0,0.000,0,0,0,0,
221,car,0.311,100,1241,304,1347,349,0,0.000,0,0,0,0,
221,car,0.327,109,1304,317,1346,348,0,0.000,0,0,0,0,
222,car,0.605,47,1429,323,1510,381,0,0.000,0,0,0,0,
222,car,0.515,70,1382,324,1433,360,0,0.000,0,0,0,0,
222,person,0.681,50,482,274,537,423,0,0.000,0,0,0,0,
222,car,0.318,77,1387,324,1445,369,0,0.000,0,0,0,0,
222,car,0.622,88,1365,322,1400,357,0,0.000,0,0,0,0,
222,car,0.595,89,1343,321,1381,352,0,0.000,0,0,0,0,
222,bus,0.351,1,1243,267,1328,349,0,0.000,0,0,0,0,
222,car,0.328,109,1303,316,1346,348,0,0.000,0,0,0,0,
223,car,0.610,47,1429,323,1510,381,0,0.000,0,0,0,0,
223,car,0.514,70,1382,324,1433,360,0,0.000,0,0,0,0,
223,person,0.670,50,484,269,540,422,0,0.000,0,0,0,0,
223,car,0.316,77,1386,324,1444,369,0,0.000,0,0,0,0,
223,car,0.613,88,1366,322,1399,357,0,0.000,0,0,0,0,
223,car,0.590,89,1343,321,1381,352,0,0.000,0,0,0,0,
223,car,0.344,1,1242,269,1324,349,0,0.000,0,0,0,0,
223,car,0.355,109,1301,316,1346,348,0,0.000,0,0,0,0,
224,car,0.614,47,1429,323,1510,381,0,0.000,0,0,0,0,
224,car,0.513,70,1382,324,1433,360,0,0.000,0,0,0,0,
224,person,0.630,50,484,267,542,421,0,0.000,0,0,0,0,
224,car,0.313,77,1386,324,1444,369,0,0.000,0,0,0,0,
224,car,0.602,88,1366,322,1400,357,0,0.000,0,0,0,0,
224,car,0.596,89,1343,321,1380,352,0,0.000,0,0,0,0,
224,car,0.409,1,1240,268,1322,349,0,0.000,0,0,0,0,
224,car,0.360,109,1301,316,1345,349,0,0.000,0,0,0,0,
225,car,0.616,47,1429,323,1510,380,0,0.000,0,0,0,0,
225,car,0.515,70,1382,324,1434,360,0,0.000,0,0,0,0,
225,person,0.660,50,487,269,544,423,0,0.000,0,0,0,0,
225,car,0.318,77,1386,324,1444,369,0,0.000,0,0,0,0,
225,car,0.606,88,1366,322,1399,357,0,0.000,0,0,0,0,
225,car,0.590,89,1343,321,1380,352,0,0.000,0,0,0,0,
225,car,0.428,1,1239,269,1320,349,0,0.000,0,0,0,0,
225,car,0.377,109,1301,316,1345,348,0,0.000,0,0,0,0,
226,car,0.617,47,1429,323,1510,381,0,0.000,0,0,0,0,
226,car,0.517,70,1382,324,1434,360,0,0.000,0,0,0,0,
226,person,0.655,50,492,269,547,421,0,0.000,0,0,0,0,
226,car,0.323,77,1386,324,1444,369,0,0.000,0,0,0,0,
226,car,0.594,88,1367,322,1399,357,0,0.000,0,0,0,0,
226,car,0.589,89,1343,322,1380,352,0,0.000,0,0,0,0,
226,car,0.392,1,1238,268,1318,348,0,0.000,0,0,0,0,
226,car,0.362,109,1302,316,1345,348,0,0.000,0,0,0,0,
227,car,0.609,47,1429,323,1510,381,0,0.000,0,0,0,0,
227,car,0.514,70,1382,324,1434,361,0,0.000,0,0,0,0,
227,person,0.636,50,495,269,550,421,0,0.000,0,0,0,0,
227,car,0.322,77,1386,324,1444,369,0,0.000,0,0,0,0,
227,car,0.590,88,1367,322,1399,357,0,0.000,0,0,0,0,
227,car,0.590,89,1343,322,1380,352,0,0.000,0,0,0,0,
227,car,0.358,1,1239,268,1318,348,0,0.000,0,0,0,0,
227,car,0.381,109,1302,317,1345,348,0,0.000,0,0,0,0,
228,car,0.602,47,1429,323,1509,380,0,0.000,0,0,0,0,
228,car,0.503,70,1383,324,1435,361,0,0.000,0,0,0,0,
228,person,0.711,50,498,270,552,421,0,0.000,0,0,0,0,
228,car,0.331,77,1386,324,1445,369,0,0.000,0,0,0,0,
228,car,0.588,88,1366,322,1398,357,0,0.000,0,0,0,0,
228,car,0.580,89,1344,322,1381,352,0,0.000,0,0,0,0,
228,car,0.251,1,1239,268,1317,347,0,0.000,0,0,0,0,
228,car,0.467,109,1302,318,1344,348,0,0.000,0,0,0,0,
229,car,0.596,47,1429,323,1508,379,0,0.000,0,0,0,0,
229,car,0.505,70,1383,324,1435,361,0,0.000,0,0,0,0,
229,person,0.720,50,500,270,553,420,0,0.000,0,0,0,0,
229,car,0.329,77,1386,324,1445,369,0,0.000,0,0,0,0,
229,car,0.584,88,1365,322,1398,357,0,0.000,0,0,0,0,
229,car,0.572,89,1344,322,1381,352,0,0.000,0,0,0,0,
229,car,0.254,1,1240,269,1316,347,0,0.000,0,0,0,0,
229,car,0.514,109,1302,318,1344,348,0,0.000,0,0,0,0,
230,car,0.569,47,1429,323,1507,379,0,0.000,0,0,0,0,
230,car,0.490,70,1384,324,1436,361,0,0.000,0,0,0,0,
230,person,0.604,50,503,272,555,420,0,0.000,0,0,0,0,
230,car,0.351,77,1386,324,1445,369,0,0.000,0,0,0,0,
230,car,0.598,88,1365,322,1397,357,0,0.000,0,0,0,0,
230,car,0.563,89,1345,322,1382,352,0,0.000,0,0,0,0,
230,car,0.544,109,1302,319,1344,349,0,0.000,0,0,0,0,
231,car,0.579,47,1429,323,1507,378,0,0.000,0,0,0,0,
231,car,0.498,70,1384,324,1436,361,0,0.000,0,0,0,0,
231,person,0.546,50,505,275,556,421,0,0.000,0,0,0,0,
231,car,0.350,77,1386,324,1445,369,0,0.000,0,0,0,0,
231,car,0.599,88,1364,323,1397,357,0,0.000,0,0,0,0,
231,car,0.555,89,1345,322,1383,353,0,0.000,0,0,0,0,
231,car,0.555,109,1302,319,1344,350,0,0.000,0,0,0,0,
232,car,0.582,47,1429,323,1507,379,0,0.000,0,0,0,0,
232,car,0.496,70,1384,325,1437,361,0,0.000,0,0,0,0,
232,person,0.693,50,506,273,558,420,0,0.000,0,0,0,0,
232,car,0.350,77,1386,324,1445,369,0,0.000,0,0,0,0,
232,car,0.595,88,1364,323,1397,357,0,0.000,0,0,0,0,
232,car,0.542,89,1345,322,1383,353,0,0.000,0,0,0,0,
232,car,0.566,109,1301,319,1344,350,0,0.000,0,0,0,0,
233,car,0.600,47,1429,323,1507,379,0,0.000,0,0,0,0,
233,car,0.501,70,1384,325,1436,361,0,0.000,0,0,0,0,
233,person,0.691,50,508,279,557,419,0,0.000,0,0,0,0,
233,car,0.347,77,1386,324,1445,369,0,0.000,0,0,0,0,
233,car,0.599,88,1364,323,1397,357,0,0.000,0,0,0,0,
233,car,0.545,89,1345,322,1384,353,0,0.000,0,0,0,0,
233,car,0.584,109,1301,320,1344,350,0,0.000,0,0,0,0,
234,car,0.624,47,1429,323,1508,380,0,0.000,0,0,0,0,
234,car,0.506,70,1384,324,1436,361,0,0.000,0,0,0,0,
234,person,0.711,50,509,278,560,419,0,0.000,0,0,0,0,
234,car,0.341,77,1386,324,1445,369,0,0.000,0,0,0,0,
234,car,0.598,88,1364,323,1397,357,0,0.000,0,0,0,0,
234,car,0.546,89,1345,321,1383,353,0,0.000,0,0,0,0,
234,car,0.592,109,1301,319,1344,350,0,0.000,0,0,0,0,
235,car,0.618,47,1428,323,1508,380,0,0.000,0,0,0,0,
235,car,0.507,70,1384,324,1436,361,0,0.000,0,0,0,0,
235,person,0.734,50,511,275,563,420,0,0.000,0,0,0,0,
235,car,0.341,77,1386,324,1445,369,0,0.000,0,0,0,0,
235,car,0.611,88,1365,322,1398,357,0,0.000,0,0,0,0,
235,car,0.546,89,1344,321,1383,353,0,0.000,0,0,0,0,
235,car,0.549,109,1300,319,1345,351,0,0.000,0,0,0,0,
236,car,0.638,47,1428,323,1508,380,0,0.000,0,0,0,0,
236,car,0.503,70,1384,324,1436,361,0,0.000,0,0,0,0,
236,person,0.751,50,512,273,564,420,0,0.000,0,0,0,0,
236,car,0.341,77,1386,324,1445,368,0,0.000,0,0,0,0,
236,car,0.604,88,1365,322,1398,357,0,0.000,0,0,0,0,
236,car,0.546,89,1344,321,1383,353,0,0.000,0,0,0,0,
236,car,0.553,109,1300,319,1346,351,0,0.000,0,0,0,0,
237,car,0.646,47,1429,323,1508,379,0,0.000,0,0,0,0,
237,car,0.494,70,1384,324,1436,361,0,0.000,0,0,0,0,
237,person,0.682,50,514,273,567,420,0,0.000,0,0,0,0,
237,car,0.336,77,1386,323,1445,369,0,0.000,0,0,0,0,
237,car,0.594,88,1364,322,1398,357,0,0.000,0,0,0,0,
237,car,0.529,89,1344,321,1383,353,0,0.000,0,0,0,0,
237,car,0.573,109,1300,319,1345,351,0,0.000,0,0,0,0,
238,car,0.655,47,1429,322,1508,380,0,0.000,0,0,0,0,
238,car,0.496,70,1383,324,1436,361,0,0.000,0,0,0,0,
238,person,0.667,50,518,272,571,420,0,0.000,0,0,0,0,
238,car,0.330,77,1386,323,1444,368,0,0.000,0,0,0,0,
238,car,0.594,88,1364,323,1397,357,0,0.000,0,0,0,0,
238,car,0.536,89,1345,321,1384,353,0,0.000,0,0,0,0,
238,car,0.613,109,1300,319,1345,351,0,0.000,0,0,0,0,
239,car,0.668,47,1428,322,1508,380,0,0.000,0,0,0,0,
239,car,0.498,70,1383,324,1436,361,0,0.000,0,0,0,0,
239,person,0.687,50,520,271,573,417,0,0.000,0,0,0,0,
239,car,0.334,77,1386,323,1444,368,0,0.000,0,0,0,0,
239,car,0.597,88,1364,322,1397,357,0,0.000,0,0,0,0,
239,car,0.545,89,1344,321,1384,353,0,0.000,0,0,0,0,
239,car,0.622,109,1300,319,1345,351,0,0.000,0,0,0,0,
240,car,0.688,47,1428,322,1509,381,0,0.000,0,0,0,0,
240,car,0.530,70,1384,324,1436,361,0,0.000,0,0,0,0,
240,person,0.746,50,524,270,576,417,0,0.000,0,0,0,0,
240,car,0.337,77,1386,324,1445,368,0,0.000,0,0,0,0,
240,car,0.624,88,1365,322,1398,357,0,0.000,0,0,0,0,
240,car,0.566,89,1344,321,1383,353,0,0.000,0,0,0,0,
240,car,0.640,109,1300,320,1344,351,0,0.000,0,0,0,0,
241,car,0.690,47,1428,322,1509,381,0,0.000,0,0,0,0,
241,car,0.540,70,1384,324,1436,360,0,0.000,0,0,0,0,
241,person,0.768,50,526,267,579,415,0,0.000,0,0,0,0,
241,car,0.335,77,1386,324,1444,368,0,0.000,0,0,0,0,
241,car,0.626,88,1365,322,1399,357,0,0.000,0,0,0,0,
241,car,0.574,89,1344,321,1383,353,0,0.000,0,0,0,0,
241,car,0.649,109,1299,320,1344,350,0,0.000,0,0,0,0,
242,car,0.689,47,1428,322,1509,382,0,0.000,0,0,0,0,
242,car,0.544,70,1384,324,1435,360,0,0.000,0,0,0,0,
242,person,0.774,50,529,269,582,415,0,0.000,0,0,0,0,
242,car,0.335,77,1386,324,1444,368,0,0.000,0,0,0,0,
242,car,0.632,88,1366,322,1399,357,0,0.000,0,0,0,0,
242,car,0.569,89,1343,321,1382,353,0,0.000,0,0,0,0,
242,car,0.646,109,1299,319,1344,350,0,0.000,0,0,0,0,
242,car,0.261,1,1240,276,1308,347,0,0.000,0,0,0,0,
243,car,0.675,47,1428,322,1509,381,0,0.000,0,0,0,0,
243,car,0.548,70,1384,324,1435,360,0,0.000,0,0,0,0,
243,person,0.777,50,531,267,583,415,0,0.000,0,0,0,0,
243,car,0.343,77,1386,324,1445,368,0,0.000,0,0,0,0,
243,car,0.632,88,1366,322,1399,357,0,0.000,0,0,0,0,
243,car,0.566,89,1343,321,1382,353,0,0.000,0,0,0,0,
243,car,0.649,109,1299,319,1344,350,0,0.000,0,0,0,0,
243,car,0.298,1,1239,273,1309,347,0,0.000,0,0,0,0,
244,car,0.670,47,1429,322,1508,380,0,0.000,0,0,0,0,
244,car,0.542,70,1384,324,1435,360,0,0.000,0,0,0,0,
244,person,0.781,50,533,268,585,415,0,0.000,0,0,0,0,
244,car,0.339,77,1386,323,1444,368,0,0.000,0,0,0,0,
244,car,0.622,88,1366,322,1399,357,0,0.000,0,0,0,0,
244,car,0.562,89,1343,321,1382,353,0,0.000,0,0,0,0,
244,car,0.647,109,1299,320,1344,350,0,0.000,0,0,0,0,
244,car,0.280,1,1239,272,1309,347,0,0.000,0,0,0,0,
245,car,0.671,47,1430,322,1507,379,0,0.000,0,0,0,0,
245,car,0.526,70,1384,324,1436,360,0,0.000,0,0,0,0,
245,person,0.767,50,535,271,587,414,0,0.000,0,0,0,0,
245,car,0.334,77,1386,323,1445,369,0,0.000,0,0,0,0,
245,car,0.617,88,1366,322,1399,357,0,0.000,0,0,0,0,
245,car,0.552,89,1343,321,1381,353,0,0.000,0,0,0,0,
245,car,0.628,109,1299,320,1344,350,0,0.000,0,0,0,0,
245,car,0.277,1,1239,272,1308,347,0,0.000,0,0,0,0,
246,car,0.659,47,1430,322,1506,378,0,0.000,0,0,0,0,
246,car,0.531,70,1384,324,1436,361,0,0.000,0,0,0,0,
246,person,0.711,50,537,274,588,413,0,0.000,0,0,0,0,
246,car,0.339,77,1386,323,1445,369,0,0.000,0,0,0,0,
246,car,0.623,88,1366,322,1399,357,0,0.000,0,0,0,0,
246,car,0.568,89,1343,321,1381,352,0,0.000,0,0,0,0,
246,car,0.616,109,1299,319,1345,350,0,0.000,0,0,0,0,
246,car,0.282,1,1240,272,1309,347,0,0.000,0,0,0,0,
247,car,0.631,47,1429,322,1505,379,0,0.000,0,0,0,0,
247,car,0.526,70,1384,324,1436,361,0,0.000,0,0,0,0,
247,person,0.695,50,538,273,590,413,0,0.000,0,0,0,0,
247,car,0.342,77,1386,324,1445,369,0,0.000,0,0,0,0,
247,car,0.615,88,1365,322,1399,357,0,0.000,0,0,0,0,
247,car,0.554,89,1343,321,1382,353,0,0.000,0,0,0,0,
247,car,0.608,109,1299,319,1345,350,0,0.000,0,0,0,0,
248,car,0.615,47,1429,322,1505,379,0,0.000,0,0,0,0,
248,car,0.532,70,1384,324,1436,361,0,0.000,0,0,0,0,
248,person,0.737,50,541,275,592,413,0,0.000,0,0,0,0,
248,car,0.347,77,1386,324,1445,370,0,0.000,0,0,0,0,
248,car,0.622,88,1365,322,1399,357,0,0.000,0,0,0,0,
248,car,0.541,89,1343,321,1381,353,0,0.000,0,0,0,0,
248,car,0.619,109,1299,319,1345,350,0,0.000,0,0,0,0,
249,car,0.627,47,1430,322,1505,379,0,0.000,0,0,0,0,
249,car,0.535,70,1384,324,1436,361,0,0.000,0,0,0,0,
249,person,0.738,50,543,275,594,412,0,0.000,0,0,0,0,
249,car,0.349,77,1386,324,1445,370,0,0.000,0,0,0,0,
249,car,0.624,88,1365,322,1399,357,0,0.000,0,0,0,0,
249,car,0.552,89,1343,321,1381,353,0,0.000,0,0,0,0,
249,car,0.618,109,1299,319,1345,350,0,0.000,0,0,0,0,
249,car,0.257,1,1240,274,1308,347,0,0.000,0,0,0,0,
250,car,0.630,47,1430,322,1505,378,0,0.000,0,0,0,0,
250,car,0.530,70,1384,324,1436,361,0,0.000,0,0,0,0,
250,person,0.735,50,545,275,595,410,0,0.000,0,0,0,0,
250,car,0.343,77,1386,323,1445,370,0,0.000,0,0,0,0,
250,car,0.616,88,1365,322,1399,357,0,0.000,0,0,0,0,
250,car,0.546,89,1344,321,1382,353,0,0.000,0,0,0,0,
250,car,0.610,109,1299,319,1345,350,0,0.000,0,0,0,0,
251,car,0.637,47,1431,322,1506,379,0,0.000,0,0,0,0,
251,car,0.538,70,1385,324,1436,361,0,0.000,0,0,0,0,
251,person,0.742,50,547,274,598,409,0,0.000,0,0,0,0,
251,car,0.359,77,1387,323,1445,370,0,0.000,0,0,0,0,
251,car,0.624,88,1366,322,1399,357,0,0.000,0,0,0,0,
251,car,0.552,89,1343,321,1381,352,0,0.000,0,0,0,0,
251,car,0.615,109,1299,319,1345,349,0,0.000,0,0,0,0,
252,car,0.664,47,1431,322,1506,378,0,0.000,0,0,0,0,
252,car,0.535,70,1384,324,1436,361,0,0.000,0,0,0,0,
252,person,0.738,50,550,274,601,412,0,0.000,0,0,0,0,
252,car,0.350,77,1386,323,1445,370,0,0.000,0,0,0,0,
252,car,0.612,88,1366,322,1399,357,0,0.000,0,0,0,0,
252,car,0.555,89,1344,321,1381,352,0,0.000,0,0,0,0,
252,car,0.584,109,1300,319,1345,349,0,0.000,0,0,0,0,
252,car,0.318,132,1504,313,1566,383,0,0.000,0,0,0,0,
253,car,0.699,47,1431,322,1506,379,0,0.000,0,0,0,0,
253,car,0.539,70,1384,324,1436,361,0,0.000,0,0,0,0,
253,person,0.743,50,551,271,604,414,0,0.000,0,0,0,0,
253,car,0.349,77,1386,323,1445,370,0,0.000,0,0,0,0,
253,car,0.615,88,1366,322,1399,357,0,0.000,0,0,0,0,
253,car,0.553,89,1344,321,1381,352,0,0.000,0,0,0,0,
253,car,0.568,109,1301,319,1346,349,0,0.000,0,0,0,0,
253,car,0.322,132,1505,313,1566,383,0,0.000,0,0,0,0,
254,car,0.705,47,1432,322,1508,380,0,0.000,0,0,0,0,
254,car,0.536,70,1384,324,1436,361,0,0.000,0,0,0,0,
254,person,0.787,50,555,272,606,411,0,0.000,0,0,0,0,
254,car,0.349,77,1387,323,1445,369,0,0.000,0,0,0,0,
254,car,0.620,88,1365,322,1398,357,0,0.000,0,0,0,0,
254,car,0.564,89,1344,321,1381,352,0,0.000,0,0,0,0,
254,car,0.558,109,1301,319,1346,349,0,0.000,0,0,0,0,
254,car,0.330,132,1505,313,1566,383,0,0.000,0,0,0,0,
255,car,0.720,47,1432,322,1509,380,0,0.000,0,0,0,0,
255,car,0.535,70,1384,324,1435,360,0,0.000,0,0,0,0,
255,person,0.679,50,556,274,607,412,0,0.000,0,0,0,0,
255,car,0.342,77,1387,323,1444,369,0,0.000,0,0,0,0,
255,car,0.619,88,1365,322,1398,356,0,0.000,0,0,0,0,
255,car,0.562,89,1344,321,1381,352,0,0.000,0,0,0,0,
255,car,0.549,109,1301,319,1346,349,0,0.000,0,0,0,0,
255,car,0.314,132,1505,313,1567,383,0,0.000,0,0,0,0,
255,car,0.254,1,1240,276,1305,347,0,0.000,0,0,0,0,
256,car,0.731,47,1432,322,1509,380,0,0.000,0,0,0,0,
256,car,0.531,70,1384,324,1435,360,0,0.000,0,0,0,0,
256,person,0.507,50,558,275,608,411,0,0.000,0,0,0,0,
256,car,0.341,77,1387,323,1444,369,0,0.000,0,0,0,0,
256,car,0.613,88,1365,322,1398,356,0,0.000,0,0,0,0,
256,car,0.570,89,1344,321,1382,352,0,0.000,0,0,0,0,
256,car,0.547,109,1301,319,1346,349,0,0.000,0,0,0,0,
256,car,0.301,132,1505,313,1567,383,0,0.000,0,0,0,0,
257,car,0.736,47,1432,322,1509,380,0,0.000,0,0,0,0,
257,car,0.528,70,1384,324,1435,360,0,0.000,0,0,0,0,
257,car,0.343,77,1386,323,1444,369,0,0.000,0,0,0,0,
257,car,0.618,88,1365,322,1398,356,0,0.000,0,0,0,0,
257,car,0.571,89,1344,321,1382,352,0,0.000,0,0,0,0,
257,car,0.544,109,1301,319,1346,349,0,0.000,0,0,0,0,
257,car,0.294,132,1506,313,1567,384,0,0.000,0,0,0,0,
258,car,0.727,47,1432,323,1509,380,0,0.000,0,0,0,0,
258,car,0.527,70,1384,324,1435,361,0,0.000,0,0,0,0,
258,car,0.348,77,1386,324,1444,370,0,0.000,0,0,0,0,
258,car,0.609,88,1366,322,1399,356,0,0.000,0,0,0,0,
258,car,0.572,89,1344,321,1381,351,0,0.000,0,0,0,0,
258,car,0.556,109,1301,319,1346,348,0,0.000,0,0,0,0,
258,car,0.298,132,1505,313,1567,384,0,0.000,0,0,0,0,
258,car,0.252,1,1241,277,1304,346,0,0.000,0,0,0,0,
259,car,0.719,47,1432,323,1509,380,0,0.000,0,0,0,0,
259,car,0.526,70,1384,324,1435,361,0,0.000,0,0,0,0,
259,car,0.355,77,1386,323,1444,369,0,0.000,0,0,0,0,
259,car,0.609,88,1366,322,1399,356,0,0.000,0,0,0,0,
259,car,0.571,89,1344,321,1382,352,0,0.000,0,0,0,0,
259,car,0.577,109,1301,318,1346,348,0,0.000,0,0,0,0,
259,car,0.308,132,1506,313,1567,383,0,0.000,0,0,0,0,
259,car,0.264,1,1240,277,1303,346,0,0.000,0,0,0,0,
260,car,0.724,47,1433,323,1509,379,0,0.000,0,0,0,0,
260,car,0.542,70,1384,324,1435,360,0,0.000,0,0,0,0,
260,car,0.364,77,1387,323,1444,368,0,0.000,0,0,0,0,
260,car,0.623,88,1365,322,1398,356,0,0.000,0,0,0,0,
260,car,0.594,89,1344,321,1382,351,0,0.000,0,0,0,0,
260,car,0.576,109,1301,318,1346,348,0,0.000,0,0,0,0,
260,car,0.292,132,1506,313,1567,383,0,0.000,0,0,0,0,
260,car,0.276,1,1239,277,1303,346,0,0.000,0,0,0,0,
261,car,0.721,47,1432,323,1509,379,0,0.000,0,0,0,0,
261,car,0.541,70,1384,324,1435,360,0,0.000,0,0,0,0,
261,person,0.564,50,569,282,616,411,0,0.000,0,0,0,0,
261,car,0.366,77,1387,323,1444,368,0,0.000,0,0,0,0,
261,car,0.626,88,1365,322,1398,356,0,0.000,0,0,0,0,
261,car,0.603,89,1344,321,1383,352,0,0.000,0,0,0,0,
261,car,0.594,109,1300,318,1346,348,0,0.000,0,0,0,0,
261,car,0.276,132,1506,313,1567,383,0,0.000,0,0,0,0,
261,car,0.288,1,1240,277,1303,346,0,0.000,0,0,0,0,
262,car,0.731,47,1432,323,1509,379,0,0.000,0,0,0,0,
262,car,0.539,70,1383,324,1434,360,0,0.000,0,0,0,0,
262,person,0.440,50,570,281,617,410,0,0.000,0,0,0,0,
262,car,0.358,77,1387,323,1444,368,0,0.000,0,0,0,0,
262,car,0.622,88,1365,322,1398,356,0,0.000,0,0,0,0,
262,car,0.596,89,1344,321,1383,352,0,0.000,0,0,0,0,
262,car,0.600,109,1300,318,1346,348,0,0.000,0,0,0,0,
262,car,0.267,132,1506,313,1567,383,0,0.000,0,0,0,0,
262,car,0.283,1,1240,277,1303,346,0,0.000,0,0,0,0,
263,car,0.705,47,1432,323,1509,379,0,0.000,0,0,0,0,
263,car,0.541,70,1383,324,1434,360,0,0.000,0,0,0,0,
263,person,0.677,50,571,279,619,410,0,0.000,0,0,0,0,
263,car,0.370,77,1387,324,1444,368,0,0.000,0,0,0,0,
263,car,0.623,88,1365,322,1398,356,0,0.000,0,0,0,0,
263,car,0.598,89,1344,321,1383,352,0,0.000,0,0,0,0,
263,car,0.597,109,1300,318,1345,348,0,0.000,0,0,0,0,
263,car,0.278,132,1506,313,1567,383,0,0.000,0,0,0,0,
263,car,0.262,1,1241,277,1303,345,0,0.000,0,0,0,0,
264,car,0.664,47,1431,323,1507,379,0,0.000,0,0,0,0,
264,car,0.528,70,1383,324,1435,360,0,0.000,0,0,0,0,
264,person,0.707,50,573,277,621,411,0,0.000,0,0,0,0,
264,car,0.365,77,1387,324,1443,368,0,0.000,0,0,0,0,
264,car,0.565,88,1366,322,1399,357,0,0.000,0,0,0,0,
264,car,0.585,89,1344,321,1383,352,0,0.000,0,0,0,0,
264,car,0.567,109,1299,318,1345,348,0,0.000,0,0,0,0,
265,car,0.651,47,1430,323,1506,379,0,0.000,0,0,0,0,
265,car,0.529,70,1383,324,1434,361,0,0.000,0,0,0,0,
265,person,0.717,50,575,276,624,413,0,0.000,0,0,0,0,
265,car,0.370,77,1387,323,1444,368,0,0.000,0,0,0,0,
265,car,0.559,88,1367,322,1400,357,0,0.000,0,0,0,0,
265,car,0.585,89,1344,321,1382,352,0,0.000,0,0,0,0,
265,car,0.571,109,1299,318,1344,348,0,0.000,0,0,0,0,
266,car,0.637,47,1430,323,1505,379,0,0.000,0,0,0,0,
266,car,0.527,70,1383,324,1435,361,0,0.000,0,0,0,0,
266,person,0.562,50,577,278,625,410,0,0.000,0,0,0,0,
266,car,0.355,77,1387,323,1444,368,0,0.000,0,0,0,0,
266,car,0.558,88,1368,322,1400,357,0,0.000,0,0,0,0,
266,car,0.573,89,1343,321,1382,352,0,0.000,0,0,0,0,
266,car,0.569,109,1299,318,1344,348,0,0.000,0,0,0,0,
266,car,0.270,132,1505,313,1566,383,0,0.000,0,0,0,0,
267,car,0.585,47,1429,323,1504,378,0,0.000,0,0,0,0,
267,car,0.520,70,1383,324,1435,361,0,0.000,0,0,0,0,
267,person,0.251,50,580,280,626,407,0,0.000,0,0,0,0,
267,car,0.364,77,1386,323,1444,369,0,0.000,0,0,0,0,
267,car,0.565,88,1367,322,1400,357,0,0.000,0,0,0,0,
267,car,0.551,89,1343,321,1382,352,0,0.000,0,0,0,0,
267,car,0.541,109,1299,319,1344,348,0,0.000,0,0,0,0,
267,car,0.267,132,1505,313,1565,383,0,0.000,0,0,0,0,
268,car,0.577,47,1428,324,1502,378,0,0.000,0,0,0,0,
268,car,0.522,70,1384,324,1435,361,0,0.000,0,0,0,0,
268,person,0.684,50,581,276,628,408,0,0.000,0,0,0,0,
268,car,0.376,77,1386,324,1444,369,0,0.000,0,0,0,0,
268,car,0.549,88,1367,322,1400,357,0,0.000,0,0,0,0,
268,car,0.555,89,1343,321,1382,352,0,0.000,0,0,0,0,
268,car,0.520,109,1299,319,1344,348,0,0.000,0,0,0,0,
268,car,0.267,132,1505,313,1565,383,0,0.000,0,0,0,0,
269,car,0.572,47,1428,324,1501,378,0,0.000,0,0,0,0,
269,car,0.528,70,1383,324,1435,361,0,0.000,0,0,0,0,
269,person,0.739,50,583,275,630,409,0,0.000,0,0,0,0,
269,car,0.362,77,1386,324,1444,369,0,0.000,0,0,0,0,
269,car,0.560,88,1367,322,1400,357,0,0.000,0,0,0,0,
269,car,0.550,89,1343,321,1382,352,0,0.000,0,0,0,0,
269,car,0.521,109,1299,319,1344,348,0,0.000,0,0,0,0,
269,car,0.272,132,1504,313,1565,383,0,0.000,0,0,0,0,
270,car,0.565,47,1428,324,1502,378,0,0.000,0,0,0,0,
270,car,0.528,70,1384,324,1435,361,0,0.000,0,0,0,0,
270,person,0.636,50,586,277,631,408,0,0.000,0,0,0,0,
270,car,0.353,77,1386,323,1444,369,0,0.000,0,0,0,0,
270,car,0.567,88,1367,322,1400,357,0,0.000,0,0,0,0,
270,car,0.556,89,1343,321,1382,352,0,0.000,0,0,0,0,
270,car,0.536,109,1300,319,1344,348,0,0.000,0,0,0,0,
270,car,0.275,132,1504,313,1565,383,0,0.000,0,0,0,0,
271,car,0.577,47,1429,323,1503,378,0,0.000,0,0,0,0,
271,car,0.526,70,1383,324,1435,361,0,0.000,0,0,0,0,
271,car,0.351,77,1386,323,1444,370,0,0.000,0,0,0,0,
271,car,0.565,88,1367,322,1400,357,0,0.000,0,0,0,0,
271,car,0.549,89,1343,321,1382,352,0,0.000,0,0,0,0,
271,car,0.537,109,1300,320,1344,348,0,0.000,0,0,0,0,
271,car,0.280,132,1504,313,1565,383,0,0.000,0,0,0,0,
272,car,0.572,47,1428,324,1501,378,0,0.000,0,0,0,0,
272,car,0.532,70,1383,324,1435,361,0,0.000,0,0,0,0,
272,person,0.334,50,590,280,633,402,0,0.000,0,0,0,0,
272,car,0.365,77,1386,323,1444,369,0,0.000,0,0,0,0,
272,car,0.577,88,1367,322,1400,357,0,0.000,0,0,0,0,
272,car,0.561,89,1343,321,1382,352,0,0.000,0,0,0,0,
272,car,0.556,109,1300,320,1344,348,0,0.000,0,0,0,0,
272,car,0.284,132,1504,313,1565,383,0,0.000,0,0,0,0,
273,car,0.564,47,1428,324,1500,378,0,0.000,0,0,0,0,
273,car,0.529,70,1384,324,1435,361,0,0.000,0,0,0,0,
273,person,0.336,50,592,281,634,401,0,0.000,0,0,0,0,
273,car,0.378,77,1386,323,1444,369,0,0.000,0,0,0,0,
273,car,0.587,88,1367,322,1400,357,0,0.000,0,0,0,0,
273,car,0.576,89,1343,321,1382,352,0,0.000,0,0,0,0,
273,car,0.570,109,1300,319,1344,348,0,0.000,0,0,0,0,
273,car,0.265,132,1504,313,1566,383,0,0.000,0,0,0,0,
274,car,0.565,47,1428,323,1502,379,0,0.000,0,0,0,0,
274,car,0.533,70,1384,324,1435,361,0,0.000,0,0,0,0,
274,person,0.410,50,595,281,636,401,0,0.000,0,0,0,0,
274,car,0.386,77,1386,323,1444,369,0,0.000,0,0,0,0,
274,car,0.585,88,1367,322,1400,357,0,0.000,0,0,0,0,
274,car,0.578,89,1343,321,1382,352,0,0.000,0,0,0,0,
274,car,0.580,109,1300,319,1344,348,0,0.000,0,0,0,0,
274,car,0.317,137,1395,324,1455,374,0,0.000,0,0,0,0,
274,car,0.279,1,1242,280,1302,346,0,0.000,0,0,0,0,
275,car,0.579,47,1428,323,1502,379,0,0.000,0,0,0,0,
275,car,0.536,70,1384,324,1435,360,0,0.000,0,0,0,0,
275,person,0.419,50,596,281,638,401,0,0.000,0,0,0,0,
275,car,0.394,77,1386,323,1444,369,0,0.000,0,0,0,0,
275,car,0.592,88,1367,322,1399,357,0,0.000,0,0,0,0,
275,car,0.576,89,1343,321,1382,352,0,0.000,0,0,0,0,
275,car,0.582,109,1300,319,1344,348,0,0.000,0,0,0,0,
275,car,0.305,137,1393,324,1453,374,0,0.000,0,0,0,0,
275,car,0.319,1,1243,280,1302,346,0,0.000,0,0,0,0,
276,car,0.557,47,1429,323,1503,379,0,0.000,0,0,0,0,
276,car,0.542,70,1384,324,1435,360,0,0.000,0,0,0,0,
276,person,0.567,50,598,281,640,401,0,0.000,0,0,0,0,
276,car,0.397,77,1386,323,1443,369,0,0.000,0,0,0,0,
276,car,0.597,88,1366,322,1399,357,0,0.000,0,0,0,0,
276,car,0.584,89,1343,321,1382,352,0,0.000,0,0,0,0,
276,car,0.592,109,1299,319,1344,348,0,0.000,0,0,0,0,
276,car,0.331,1,1243,280,1302,346,0,0.000,0,0,0,0,
277,car,0.534,47,1429,323,1503,379,0,0.000,0,0,0,0,
277,car,0.528,70,1384,324,1435,360,0,0.000,0,0,0,0,
277,person,0.691,50,599,277,644,403,0,0.000,0,0,0,0,
277,car,0.386,77,1387,324,1444,369,0,0.000,0,0,0,0,
277,car,0.596,88,1366,322,1399,357,0,0.000,0,0,0,0,
277,car,0.557,89,1342,320,1382,352,0,0.000,0,0,0,0,
277,car,0.589,109,1299,319,1344,348,0,0.000,0,0,0,0,
277,car,0.315,1,1243,280,1303,346,0,0.000,0,0,0,0,
277,person,0.528,140,0,275,51,508,0,0.000,0,0,0,0,
277,car,0.264,132,1503,313,1565,384,0,0.000,0,0,0,0,
277,car,0.290,137,1393,324,1452,374,0,0.000,0,0,0,0,
278,car,0.546,47,1428,323,1504,379,0,0.000,0,0,0,0,
278,car,0.519,70,1384,324,1435,360,0,0.000,0,0,0,0,
278,person,0.538,50,602,278,647,403,0,0.000,0,0,0,0,
278,car,0.386,77,1386,324,1444,369,0,0.000,0,0,0,0,
278,car,0.587,88,1366,322,1399,357,0,0.000,0,0,0,0,
278,car,0.549,89,1342,320,1381,352,0,0.000,0,0,0,0,
278,car,0.595,109,1299,319,1344,348,0,0.000,0,0,0,0,
278,car,0.295,1,1244,282,1302,346,0,0.000,0,0,0,0,
278,person,0.674,140,2,296,50,509,0,0.000,0,0,0,0,
278,car,0.261,132,1503,313,1565,384,0,0.000,0,0,0,0,
279,car,0.541,47,1428,323,1505,380,0,0.000,0,0,0,0,
279,car,0.511,70,1384,325,1435,361,0,0.000,0,0,0,0,
279,person,0.578,50,603,278,648,403,0,0.000,0,0,0,0,
279,car,0.398,77,1386,324,1444,370,0,0.000,0,0,0,0,
279,car,0.591,88,1366,322,1399,357,0,0.000,0,0,0,0,
279,car,0.549,89,1342,321,1382,352,0,0.000,0,0,0,0,
279,car,0.580,109,1299,319,1344,348,0,0.000,0,0,0,0,
279,car,0.271,1,1244,283,1301,346,0,0.000,0,0,0,0,
279,person,0.776,140,2,297,50,508,0,0.000,0,0,0,0,
279,car,0.253,132,1503,313,1565,384,0,0.000,0,0,0,0,
280,car,0.537,47,1428,323,1505,381,0,0.000,0,0,0,0,
280,car,0.505,70,1384,325,1435,361,0,0.000,0,0,0,0,
280,person,0.718,50,606,276,651,401,0,0.000,0,0,0,0,
280,car,0.392,77,1386,324,1444,369,0,0.000,0,0,0,0,
280,car,0.593,88,1366,322,1399,357,0,0.000,0,0,0,0,
280,car,0.536,89,1342,321,1381,352,0,0.000,0,0,0,0,
280,car,0.575,109,1299,319,1344,348,0,0.000,0,0,0,0,
280,car,0.265,1,1244,283,1301,346,0,0.000,0,0,0,0,
280,person,0.559,140,2,289,51,508,0,0.000,0,0,0,0,
280,car,0.256,132,1503,313,1565,384,0,0.000,0,0,0,0,
281,car,0.497,47,1428,323,1505,380,0,0.000,0,0,0,0,
281,car,0.499,70,1384,325,1435,361,0,0.000,0,0,0,0,
281,person,0.684,50,607,278,652,401,0,0.000,0,0,0,0,
281,car,0.395,77,1386,324,1444,370,0,0.000,0,0,0,0,
281,car,0.584,88,1366,322,1399,357,0,0.000,0,0,0,0,
281,car,0.531,89,1342,321,1381,352,0,0.000,0,0,0,0,
281,car,0.566,109,1299,319,1344,348,0,0.000,0,0,0,0,
281,person,0.764,140,2,286,53,508,0,0.000,0,0,0,0,
282,car,0.491,47,1428,323,1505,381,0,0.000,0,0,0,0,
282,car,0.507,70,1384,325,1435,361,0,0.000,0,0,0,0,
282,person,0.739,50,608,273,655,402,0,0.000,0,0,0,0,
282,car,0.403,77,1387,324,1444,370,0,0.000,0,0,0,0,
282,car,0.572,88,1366,322,1399,357,0,0.000,0,0,0,0,
282,car,0.515,89,1343,321,1381,352,0,0.000,0,0,0,0,
282,car,0.550,109,1299,319,1344,348,0,0.000,0,0,0,0,
282,person,0.812,140,2,272,56,508,0,0.000,0,0,0,0,
283,car,0.500,47,1428,323,1506,381,0,0.000,0,0,0,0,
283,car,0.513,70,1384,325,1435,361,0,0.000,0,0,0,0,
283,person,0.734,50,610,268,659,402,0,0.000,0,0,0,0,
283,car,0.409,77,1387,324,1445,370,0,0.000,0,0,0,0,
283,car,0.570,88,1366,322,1399,357,0,0.000,0,0,0,0,
283,car,0.525,89,1343,321,1382,352,0,0.000,0,0,0,0,
283,car,0.542,109,1299,319,1344,348,0,0.000,0,0,0,0,
283,person,0.839,140,0,250,59,508,0,0.000,0,0,0,0,
283,car,0.261,132,1503,313,1566,384,0,0.000,0,0,0,0,
284,car,0.495,47,1429,323,1505,380,0,0.000,0,0,0,0,
284,car,0.511,70,1384,325,1435,361,0,0.000,0,0,0,0,
284,person,0.701,50,612,268,659,401,0,0.000,0,0,0,0,
284,car,0.411,77,1387,324,1445,370,0,0.000,0,0,0,0,
284,car,0.577,88,1366,322,1399,357,0,0.000,0,0,0,0,
284,car,0.521,89,1343,321,1382,352,0,0.000,0,0,0,0,
284,car,0.548,109,1299,319,1345,348,0,0.000,0,0,0,0,
284,person,0.823,140,0,240,62,508,0,0.000,0,0,0,0,
284,car,0.256,132,1504,313,1565,383,0,0.000,0,0,0,0,
285,car,0.474,47,1429,324,1505,380,0,0.000,0,0,0,0,
285,car,0.504,70,1384,325,1435,361,0,0.000,0,0,0,0,
285,person,0.685,50,614,268,661,398,0,0.000,0,0,0,0,
285,car,0.405,77,1387,324,1445,370,0,0.000,0,0,0,0,
285,car,0.560,88,1366,322,1400,357,0,0.000,0,0,0,0,
285,car,0.492,89,1343,321,1382,352,0,0.000,0,0,0,0,
285,car,0.545,109,1299,319,1345,348,0,0.000,0,0,0,0,
285,person,0.791,140,1,234,63,507,0,0.000,0,0,0,0,
285,car,0.256,132,1504,313,1565,383,0,0.000,0,0,0,0,
285,car,0.409,142,1428,324,1486,377,0,0.000,0,0,0,0,
286,car,0.418,47,1430,323,1506,379,0,0.000,0,0,0,0,
286,car,0.509,70,1384,325,1435,361,0,0.000,0,0,0,0,
286,person,0.658,50,617,270,663,398,0,0.000,0,0,0,0,
286,car,0.401,77,1387,324,1445,370,0,0.000,0,0,0,0,
286,car,0.560,88,1367,322,1400,357,0,0.000,0,0,0,0,
286,car,0.492,89,1343,321,1382,352,0,0.000,0,0,0,0,
286,car,0.553,109,1299,319,1345,349,0,0.000,0,0,0,0,
286,person,0.827,140,3,234,66,507,0,0.000,0,0,0,0,
286,car,0.254,132,1503,313,1565,383,0,0.000,0,0,0,0,
286,car,0.491,142,1429,325,1486,377,0,0.000,0,0,0,0,
287,car,0.447,47,1430,324,1505,379,0,0.000,0,0,0,0,
287,car,0.514,70,1384,325,1435,361,0,0.000,0,0,0,0,
287,person,0.688,50,618,271,664,397,0,0.000,0,0,0,0,
287,car,0.417,77,1387,324,1446,370,0,0.000,0,0,0,0,
287,car,0.566,88,1366,322,1400,357,0,0.000,0,0,0,0,
287,car,0.499,89,1344,321,1383,352,0,0.000,0,0,0,0,
287,car,0.555,109,1299,319,1345,349,0,0.000,0,0,0,0,
287,person,0.817,140,5,235,69,507,0,0.000,0,0,0,0,
287,car,0.264,132,1503,313,1565,383,0,0.000,0,0,0,0,
287,car,0.460,142,1427,325,1484,377,0,0.000,0,0,0,0,
288,car,0.437,47,1431,324,1506,378,0,0.000,0,0,0,0,
288,car,0.539,70,1383,324,1435,361,0,0.000,0,0,0,0,
288,person,0.704,50,618,271,664,398,0,0.000,0,0,0,0,
288,car,0.442,77,1386,324,1445,370,0,0.000,0,0,0,0,
288,car,0.565,88,1366,322,1400,357,0,0.000,0,0,0,0,
288,car,0.457,89,1343,321,1382,352,0,0.000,0,0,0,0,
288,car,0.586,109,1299,319,1345,349,0,0.000,0,0,0,0,
288,person,0.823,140,7,236,72,506,0,0.000,0,0,0,0,
288,car,0.432,142,1426,325,1483,377,0,0.000,0,0,0,0,
289,car,0.419,47,1431,323,1507,378,0,0.000,0,0,0,0,
289,car,0.535,70,1383,324,1435,361,0,0.000,0,0,0,0,
289,person,0.713,50,619,273,665,399,0,0.000,0,0,0,0,
289,car,0.440,77,1386,323,1444,370,0,0.000,0,0,0,0,
289,car,0.555,88,1367,322,1400,357,0,0.000,0,0,0,0,
289,car,0.459,89,1343,321,1382,352,0,0.000,0,0,0,0,
289,car,0.583,109,1299,319,1345,349,0,0.000,0,0,0,0,
289,person,0.818,140,10,238,77,505,0,0.000,0,0,0,0,
289,car,0.424,142,1425,325,1482,377,0,0.000,0,0,0,0,
290,car,0.399,47,1430,324,1507,379,0,0.000,0,0,0,0,
290,car,0.533,70,1383,324,1435,361,0,0.000,0,0,0,0,
290,person,0.679,50,620,275,665,399,0,0.000,0,0,0,0,
290,car,0.444,77,1386,323,1444,369,0,0.000,0,0,0,0,
290,car,0.554,88,1367,322,1400,357,0,0.000,0,0,0,0,
290,car,0.455,89,1342,321,1382,352,0,0.000,0,0,0,0,
290,car,0.595,109,1298,319,1345,349,0,0.000,0,0,0,0,
290,person,0.822,140,15,238,83,504,0,0.000,0,0,0,0,
290,car,0.429,142,1426,325,1482,377,0,0.000,0,0,0,0,
291,car,0.412,47,1430,324,1507,379,0,0.000,0,0,0,0,
291,car,0.526,70,1383,324,1435,361,0,0.000,0,0,0,0,
291,person,0.758,50,621,276,667,400,0,0.000,0,0,0,0,
291,car,0.445,77,1386,324,1444,369,0,0.000,0,0,0,0,
291,car,0.551,88,1367,322,1400,357,0,0.000,0,0,0,0,
291,car,0.455,89,1342,321,1381,352,0,0.000,0,0,0,0,
291,car,0.596,109,1299,319,1345,349,0,0.000,0,0,0,0,
291,person,0.778,140,17,241,88,502,0,0.000,0,0,0,0,
291,car,0.441,142,1427,325,1483,377,0,0.000,0,0,0,0,
292,car,0.435,47,1430,324,1506,378,0,0.000,0,0,0,0,
292,car,0.528,70,1383,324,1435,361,0,0.000,0,0,0,0,
292,person,0.683,50,622,278,667,401,0,0.000,0,0,0,0,
292,car,0.442,77,1386,324,1444,369,0,0.000,0,0,0,0,
292,car,0.571,88,1367,322,1399,357,0,0.000,0,0,0,0,
292,car,0.465,89,1342,321,1381,352,0,0.000,0,0,0,0,
292,car,0.602,109,1299,319,1345,349,0,0.000,0,0,0,0,
292,person,0.840,140,19,241,92,502,0,0.000,0,0,0,0,
292,car,0.461,142,1428,325,1484,377,0,0.000,0,0,0,0,
293,car,0.457,47,1431,324,1507,378,0,0.000,0,0,0,0,
293,car,0.530,70,1383,324,1435,361,0,0.000,0,0,0,0,
293,person,0.674,50,623,277,668,401,0,0.000,0,0,0,0,
293,car,0.444,77,1386,324,1444,369,0,0.000,0,0,0,0,
293,car,0.559,88,1368,322,1400,357,0,0.000,0,0,0,0,
293,car,0.476,89,1342,321,1380,352,0,0.000,0,0,0,0,
293,car,0.605,109,1299,319,1345,349,0,0.000,0,0,0,0,
293,person,0.838,140,20,240,95,502,0,0.000,0,0,0,0,
293,car,0.439,142,1428,325,1484,377,0,0.000,0,0,0,0,
294,car,0.493,47,1432,324,1508,378,0,0.000,0,0,0,0,
294,car,0.535,70,1383,324,1435,361,0,0.000,0,0,0,0,
294,person,0.695,50,625,277,669,398,0,0.000,0,0,0,0,
294,car,0.436,77,1386,324,1444,370,0,0.000,0,0,0,0,
294,car,0.563,88,1368,322,1400,357,0,0.000,0,0,0,0,
294,car,0.470,89,1341,320,1379,352,0,0.000,0,0,0,0,
294,car,0.609,109,1299,319,1344,348,0,0.000,0,0,0,0,
294,person,0.820,140,20,239,98,501,0,0.000,0,0,0,0,
294,car,0.422,142,1429,325,1485,377,0,0.000,0,0,0,0,
295,car,0.478,47,1432,324,1509,379,0,0.000,0,0,0,0,
295,car,0.526,70,1383,324,1435,361,0,0.000,0,0,0,0,
295,person,0.714,50,626,278,670,398,0,0.000,0,0,0,0,
295,car,0.437,77,1386,324,1444,370,0,0.000,0,0,0,0,
295,car,0.564,88,1368,322,1400,357,0,0.000,0,0,0,0,
295,car,0.472,89,1342,320,1380,352,0,0.000,0,0,0,0,
295,car,0.617,109,1300,319,1344,348,0,0.000,0,0,0,0,
295,person,0.812,140,21,238,102,500,0,0.000,0,0,0,0,
295,car,0.421,142,1430,325,1486,377,0,0.000,0,0,0,0,
296,car,0.485,47,1432,324,1509,379,0,0.000,0,0,0,0,
296,car,0.537,70,1383,324,1435,361,0,0.000,0,0,0,0,
296,person,0.646,50,627,278,672,398,0,0.000,0,0,0,0,
296,car,0.448,77,1386,324,1444,370,0,0.000,0,0,0,0,
296,car,0.565,88,1368,322,1400,357,0,0.000,0,0,0,0,
296,car,0.478,89,1342,320,1379,352,0,0.000,0,0,0,0,
296,car,0.619,109,1300,319,1344,348,0,0.000,0,0,0,0,
296,person,0.842,140,19,239,103,498,0,0.000,0,0,0,0,
296,car,0.423,142,1430,325,1486,377,0,0.000,0,0,0,0,
297,car,0.459,47,1431,324,1509,379,0,0.000,0,0,0,0,
297,car,0.530,70,1383,324,1435,361,0,0.000,0,0,0,0,
297,person,0.704,50,627,275,674,400,0,0.000,0,0,0,0,
297,car,0.430,77,1386,324,1445,370,0,0.000,0,0,0,0,
297,car,0.565,88,1368,322,1400,357,0,0.000,0,0,0,0,
297,car,0.486,89,1342,320,1379,352,0,0.000,0,0,0,0,
297,car,0.614,109,1300,319,1344,348,0,0.000,0,0,0,0,
297,person,0.796,140,19,239,105,495,0,0.000,0,0,0,0,
297,car,0.427,142,1430,325,1486,377,0,0.000,0,0,0,0,
298,car,0.413,47,1432,324,1509,379,0,0.000,0,0,0,0,
298,car,0.531,70,1383,324,1434,361,0,0.000,0,0,0,0,
298,person,0.629,50,627,273,676,398,0,0.000,0,0,0,0,
298,car,0.440,77,1386,324,1445,370,0,0.000,0,0,0,0,
298,car,0.572,88,1368,322,1400,357,0,0.000,0,0,0,0,
298,car,0.485,89,1342,320,1379,351,0,0.000,0,0,0,0,
298,car,0.603,109,1300,319,1344,348,0,0.000,0,0,0,0,
298,person,0.791,140,20,240,109,494,0,0.000,0,0,0,0,
298,car,0.424,142,1429,325,1485,377,0,0.000,0,0,0,0,
299,car,0.435,47,1431,324,1509,379,0,0.000,0,0,0,0,
299,car,0.533,70,1383,324,1434,361,0,0.000,0,0,0,0,
299,person,0.665,50,628,272,677,397,0,0.000,0,0,0,0,
299,car,0.436,77,1386,324,1444,370,0,0.000,0,0,0,0,
299,car,0.570,88,1368,322,1400,357,0,0.000,0,0,0,0,
299,car,0.487,89,1342,321,1378,351,0,0.000,0,0,0,0,
299,car,0.597,109,1300,319,1344,348,0,0.000,0,0,0,0,
299,person,0.726,140,23,238,115,492,0,0.000,0,0,0,0,
299,car,0.431,142,1429,325,1485,377,0,0.000,0,0,0,0,
300,car,0.421,47,1431,324,1508,378,0,0.000,0,0,0,0,
300,car,0.529,70,1383,325,1434,361,0,0.000,0,0,0,0,
300,person,0.598,50,633,274,680,396,0,0.000,0,0,0,0,
300,car,0.413,77,1387,324,1445,370,0,0.000,0,0,0,0,
300,car,0.565,88,1369,323,1400,357,0,0.000,0,0,0,0,
300,car,0.506,89,1343,321,1380,352,0,0.000,0,0,0,0,
300,car,0.591,109,1301,319,1345,348,0,0.000,0,0,0,0,
300,person,0.657,140,26,241,119,491,0,0.000,0,0,0,0,
300,car,0.422,142,1429,325,1485,377,0,0.000,0,0,0,0,
300,person,0.460,152,15,250,98,492,0,0.000,0,0,0,0,
301,car,0.392,47,1431,324,1509,379,0,0.000,0,0,0,0,
301,car,0.535,70,1384,325,1434,361,0,0.000,0,0,0,0,
301,person,0.483,50,635,278,681,395,0,0.000,0,0,0,0,
301,car,0.414,77,1387,324,1445,370,0,0.000,0,0,0,0,
301,car,0.566,88,1369,323,1400,357,0,0.000,0,0,0,0,
301,car,0.500,89,1343,321,1380,352,0,0.000,0,0,0,0,
301,car,0.594,109,1301,319,1345,348,0,0.000,0,0,0,0,
301,person,0.639,140,29,243,122,490,0,0.000,0,0,0,0,
301,car,0.438,142,1430,325,1486,377,0,0.000,0,0,0,0,
301,person,0.493,152,20,248,102,488,0,0.000,0,0,0,0,
301,person,0.485,154,56,247,151,496,0,0.000,0,0,0,0,
302,car,0.493,47,1430,324,1509,379,0,0.000,0,0,0,0,
302,car,0.533,70,1384,325,1435,361,0,0.000,0,0,0,0,
302,person,0.591,50,637,279,682,395,0,0.000,0,0,0,0,
302,car,0.414,77,1386,324,1445,370,0,0.000,0,0,0,0,
302,car,0.560,88,1369,323,1400,357,0,0.000,0,0,0,0,
302,car,0.524,89,1343,321,1381,352,0,0.000,0,0,0,0,
302,car,0.594,109,1301,319,1345,348,0,0.000,0,0,0,0,
302,person,0.513,140,32,244,126,493,0,0.000,0,0,0,0,
302,car,0.360,142,1430,325,1487,377,0,0.000,0,0,0,0,
302,person,0.401,152,23,246,106,490,0,0.000,0,0,0,0,
302,person,0.619,154,62,245,158,495,0,0.000,0,0,0,0,
302,car,0.266,132,1502,314,1563,383,0,0.000,0,0,0,0,
303,car,0.502,47,1430,324,1509,379,0,0.000,0,0,0,0,
303,car,0.542,70,1384,325,1435,361,0,0.000,0,0,0,0,
303,person,0.561,50,639,281,683,396,0,0.000,0,0,0,0,
303,car,0.419,77,1386,324,1444,370,0,0.000,0,0,0,0,
303,car,0.543,88,1369,323,1400,357,0,0.000,0,0,0,0,
303,car,0.511,89,1343,321,1380,353,0,0.000,0,0,0,0,
303,car,0.580,109,1301,319,1345,348,0,0.000,0,0,0,0,
303,person,0.408,140,36,244,130,492,0,0.000,0,0,0,0,
303,car,0.375,142,1430,324,1486,377,0,0.000,0,0,0,0,
303,person,0.675,154,62,243,159,493,0,0.000,0,0,0,0,
303,car,0.265,132,1501,314,1564,383,0,0.000,0,0,0,0,
304,car,0.486,47,1431,324,1509,378,0,0.000,0,0,0,0,
304,car,0.548,70,1384,325,1435,362,0,0.000,0,0,0,0,
304,person,0.378,50,641,283,683,396,0,0.000,0,0,0,0,
304,car,0.435,77,1386,324,1445,370,0,0.000,0,0,0,0,
304,car,0.543,88,1369,323,1400,357,0,0.000,0,0,0,0,
304,car,0.502,89,1342,321,1379,353,0,0.000,0,0,0,0,
304,car,0.576,109,1302,319,1345,348,0,0.000,0,0,0,0,
304,car,0.414,142,1430,325,1486,377,0,0.000,0,0,0,0,
304,person,0.789,154,64,245,162,493,0,0.000,0,0,0,0,
304,car,0.254,132,1501,314,1564,383,0,0.000,0,0,0,0,
305,car,0.477,47,1431,323,1508,378,0,0.000,0,0,0,0,
305,car,0.539,70,1384,325,1435,362,0,0.000,0,0,0,0,
305,person,0.690,50,642,283,685,397,0,0.000,0,0,0,0,
305,car,0.428,77,1386,324,1445,370,0,0.000,0,0,0,0,
305,car,0.547,88,1369,323,1400,357,0,0.000,0,0,0,0,
305,car,0.503,89,1342,321,1379,353,0,0.000,0,0,0,0,
305,car,0.567,109,1302,319,1345,348,0,0.000,0,0,0,0,
305,car,0.411,142,1429,325,1485,377,0,0.000,0,0,0,0,
305,person,0.846,154,76,250,173,493,0,0.000,0,0,0,0,
305,car,0.257,132,1501,314,1564,383,0,0.000,0,0,0,0,
305,person,0.386,152,36,251,109,468,0,0.000,0,0,0,0,
306,car,0.460,47,1431,323,1509,378,0,0.000,0,0,0,0,
306,car,0.540,70,1384,325,1436,362,0,0.000,0,0,0,0,
306,person,0.689,50,643,281,687,398,0,0.000,0,0,0,0,
306,car,0.438,77,1386,324,1445,371,0,0.000,0,0,0,0,
306,car,0.547,88,1369,323,1400,357,0,0.000,0,0,0,0,
306,car,0.504,89,1342,321,1379,353,0,0.000,0,0,0,0,
306,car,0.568,109,1302,319,1345,348,0,0.000,0,0,0,0,
306,car,0.383,142,1428,325,1483,377,0,0.000,0,0,0,0,
306,person,0.833,154,80,250,177,493,0,0.000,0,0,0,0,
306,person,0.457,152,43,248,108,445,0,0.000,0,0,0,0,
307,car,0.440,47,1431,323,1509,378,0,0.000,0,0,0,0,
307,car,0.540,70,1383,325,1435,362,0,0.000,0,0,0,0,
307,person,0.651,50,645,280,690,400,0,0.000,0,0,0,0,
307,car,0.437,77,1386,324,1445,371,0,0.000,0,0,0,0,
307,car,0.549,88,1368,323,1399,357,0,0.000,0,0,0,0,
307,car,0.498,89,1342,321,1379,353,0,0.000,0,0,0,0,
307,car,0.579,109,1301,319,1345,348,0,0.000,0,0,0,0,
307,car,0.381,142,1427,325,1482,377,0,0.000,0,0,0,0,
307,person,0.742,154,83,253,180,492,0,0.000,0,0,0,0,
307,person,0.518,152,50,250,112,441,0,0.000,0,0,0,0,
308,car,0.423,47,1431,323,1509,378,0,0.000,0,0,0,0,
308,car,0.540,70,1383,325,1435,362,0,0.000,0,0,0,0,
308,person,0.713,50,646,276,692,400,0,0.000,0,0,0,0,
308,car,0.442,77,1386,324,1445,371,0,0.000,0,0,0,0,
308,car,0.547,88,1368,323,1399,357,0,0.000,0,0,0,0,
308,car,0.501,89,1342,321,1378,353,0,0.000,0,0,0,0,
308,car,0.588,109,1301,319,1344,348,0,0.000,0,0,0,0,
308,car,0.377,142,1426,325,1481,377,0,0.000,0,0,0,0,
308,person,0.589,154,86,251,184,491,0,0.000,0,0,0,0,
308,person,0.591,152,51,252,121,470,0,0.000,0,0,0,0,
309,car,0.415,47,1431,323,1508,377,0,0.000,0,0,0,0,
309,car,0.539,70,1383,325,1435,361,0,0.000,0,0,0,0,
309,person,0.588,50,647,275,692,399,0,0.000,0,0,0,0,
309,car,0.439,77,1386,324,1445,370,0,0.000,0,0,0,0,
309,car,0.556,88,1368,323,1399,357,0,0.000,0,0,0,0,
309,car,0.504,89,1342,321,1379,353,0,0.000,0,0,0,0,
309,car,0.587,109,1301,319,1344,348,0,0.000,0,0,0,0,
309,car,0.368,142,1426,324,1480,377,0,0.000,0,0,0,0,
309,person,0.618,154,97,253,192,489,0,0.000,0,0,0,0,
309,person,0.645,152,54,251,127,481,0,0.000,0,0,0,0,
310,car,0.416,47,1431,323,1508,378,0,0.000,0,0,0,0,
310,car,0.527,70,1384,325,1435,361,0,0.000,0,0,0,0,
310,person,0.617,50,647,274,693,399,0,0.000,0,0,0,0,
310,car,0.437,77,1386,324,1446,370,0,0.000,0,0,0,0,
310,car,0.563,88,1368,323,1399,357,0,0.000,0,0,0,0,
310,car,0.516,89,1342,321,1378,352,0,0.000,0,0,0,0,
310,car,0.594,109,1301,319,1344,348,0,0.000,0,0,0,0,
310,car,0.365,142,1427,324,1480,376,0,0.000,0,0,0,0,
310,person,0.641,154,100,258,193,489,0,0.000,0,0,0,0,
310,person,0.653,152,58,252,130,483,0,0.000,0,0,0,0,
311,car,0.435,47,1431,323,1508,377,0,0.000,0,0,0,0,
311,car,0.529,70,1383,325,1435,361,0,0.000,0,0,0,0,
311,person,0.539,50,648,274,693,398,0,0.000,0,0,0,0,
311,car,0.429,77,1386,324,1446,370,0,0.000,0,0,0,0,
311,car,0.545,88,1368,323,1399,357,0,0.000,0,0,0,0,
311,car,0.499,89,1343,321,1379,353,0,0.000,0,0,0,0,
311,car,0.590,109,1300,319,1344,348,0,0.000,0,0,0,0,
311,car,0.376,142,1429,324,1483,376,0,0.000,0,0,0,0,
311,person,0.781,154,105,254,198,489,0,0.000,0,0,0,0,
311,person,0.678,152,63,248,135,483,0,0.000,0,0,0,0,
311,car,0.251,132,1502,313,1565,383,0,0.000,0,0,0,0,
312,car,0.434,47,1429,322,1509,379,0,0.000,0,0,0,0,
312,car,0.525,70,1384,325,1435,361,0,0.000,0,0,0,0,
312,car,0.431,77,1386,324,1446,370,0,0.000,0,0,0,0,
312,car,0.593,88,1367,322,1399,357,0,0.000,0,0,0,0,
312,car,0.532,89,1343,321,1378,352,0,0.000,0,0,0,0,
312,car,0.608,109,1301,319,1344,347,0,0.000,0,0,0,0,
312,car,0.376,142,1428,324,1483,376,0,0.000,0,0,0,0,
312,person,0.712,154,111,255,203,489,0,0.000,0,0,0,0,
312,person,0.658,152,70,251,141,484,0,0.000,0,0,0,0,
312,car,0.252,132,1503,313,1566,382,0,0.000,0,0,0,0,
313,car,0.455,47,1429,322,1509,379,0,0.000,0,0,0,0,
313,car,0.525,70,1384,325,1435,361,0,0.000,0,0,0,0,
313,car,0.418,77,1387,324,1447,370,0,0.000,0,0,0,0,
313,car,0.595,88,1367,322,1399,357,0,0.000,0,0,0,0,
313,car,0.534,89,1343,321,1378,352,0,0.000,0,0,0,0,
313,car,0.611,109,1301,319,1343,347,0,0.000,0,0,0,0,
313,car,0.389,142,1428,324,1483,377,0,0.000,0,0,0,0,
313,person,0.630,154,116,250,208,487,0,0.000,0,0,0,0,
313,person,0.670,152,76,259,143,482,0,0.000,0,0,0,0,
313,car,0.253,132,1504,313,1566,382,0,0.000,0,0,0,0,
314,car,0.470,47,1429,322,1509,380,0,0.000,0,0,0,0,
314,car,0.530,70,1384,325,1435,361,0,0.000,0,0,0,0,
314,car,0.423,77,1386,324,1447,370,0,0.000,0,0,0,0,
314,car,0.590,88,1367,322,1399,357,0,0.000,0,0,0,0,
314,car,0.535,89,1342,321,1378,351,0,0.000,0,0,0,0,
314,car,0.614,109,1300,319,1343,346,0,0.000,0,0,0,0,
314,car,0.395,142,1428,324,1484,377,0,0.000,0,0,0,0,
314,person,0.582,154,120,245,211,485,0,0.000,0,0,0,0,
314,person,0.677,152,83,255,151,483,0,0.000,0,0,0,0,
314,car,0.258,132,1505,313,1566,382,0,0.000,0,0,0,0,
314,person,0.587,140,89,250,178,484,0,0.000,0,0,0,0,
315,car,0.453,47,1429,322,1509,380,0,0.000,0,0,0,0,
315,car,0.530,70,1384,325,1435,361,0,0.000,0,0,0,0,
315,car,0.419,77,1386,324,1447,370,0,0.000,0,0,0,0,
315,car,0.596,88,1367,322,1399,357,0,0.000,0,0,0,0,
315,car,0.535,89,1342,320,1378,352,0,0.000,0,0,0,0,
315,car,0.624,109,1300,318,1343,346,0,0.000,0,0,0,0,
315,car,0.395,142,1428,324,1484,377,0,0.000,0,0,0,0,
315,person,0.675,154,127,244,217,485,0,0.000,0,0,0,0,
315,person,0.677,152,86,255,153,482,0,0.000,0,0,0,0,
315,car,0.262,132,1505,313,1566,382,0,0.000,0,0,0,0,
315,person,0.362,50,652,274,696,394,0,0.000,0,0,0,0,
316,car,0.454,47,1430,322,1509,380,0,0.000,0,0,0,0,
316,car,0.527,70,1384,324,1435,361,0,0.000,0,0,0,0,
316,car,0.419,77,1387,324,1447,370,0,0.000,0,0,0,0,
316,car,0.598,88,1367,322,1399,357,0,0.000,0,0,0,0,
316,car,0.543,89,1342,320,1378,352,0,0.000,0,0,0,0,
316,car,0.627,109,1299,318,1343,346,0,0.000,0,0,0,0,
316,car,0.379,142,1428,324,1484,377,0,0.000,0,0,0,0,
316,person,0.676,154,133,247,221,485,0,0.000,0,0,0,0,
316,person,0.725,152,91,255,156,479,0,0.000,0,0,0,0,
316,car,0.257,132,1506,313,1566,382,0,0.000,0,0,0,0,
316,person,0.541,50,654,272,697,394,0,0.000,0,0,0,0,
317,car,0.426,47,1430,322,1508,379,0,0.000,0,0,0,0,
317,car,0.523,70,1384,324,1435,361,0,0.000,0,0,0,0,
317,car,0.410,77,1387,324,1448,370,0,0.000,0,0,0,0,
317,car,0.596,88,1367,322,1399,357,0,0.000,0,0,0,0,
317,car,0.542,89,1343,320,1378,352,0,0.000,0,0,0,0,
317,car,0.631,109,1299,318,1343,347,0,0.000,0,0,0,0,
317,car,0.361,142,1427,324,1484,377,0,0.000,0,0,0,0,
317,person,0.697,154,142,259,224,483,0,0.000,0,0,0,0,
317,person,0.752,152,96,257,160,478,0,0.000,0,0,0,0,
317,person,0.409,50,655,270,699,393,0,0.000,0,0,0,0,
318,car,0.433,47,1431,322,1509,378,0,0.000,0,0,0,0,
318,car,0.518,70,1384,324,1435,360,0,0.000,0,0,0,0,
318,car,0.408,77,1387,324,1448,370,0,0.000,0,0,0,0,
318,car,0.580,88,1367,322,1399,357,0,0.000,0,0,0,0,
318,car,0.524,89,1343,321,1378,352,0,0.000,0,0,0,0,
318,car,0.627,109,1299,318,1343,347,0,0.000,0,0,0,0,
318,car,0.360,142,1427,324,1483,377,0,0.000,0,0,0,0,
318,person,0.736,154,148,255,231,481,0,0.000,0,0,0,0,
318,person,0.713,152,101,257,165,477,0,0.000,0,0,0,0,
318,person,0.634,50,656,269,700,396,0,0.000,0,0,0,0,
319,car,0.474,47,1431,322,1509,378,0,0.000,0,0,0,0,
319,car,0.523,70,1384,324,1434,360,0,0.000,0,0,0,0,
319,car,0.398,77,1388,323,1447,370,0,0.000,0,0,0,0,
319,car,0.584,88,1366,322,1399,357,0,0.000,0,0,0,0,
319,car,0.521,89,1343,321,1379,352,0,0.000,0,0,0,0,
319,car,0.631,109,1299,318,1344,347,0,0.000,0,0,0,0,
319,car,0.387,142,1429,324,1486,377,0,0.000,0,0,0,0,
319,person,0.715,154,153,256,235,480,0,0.000,0,0,0,0,
319,person,0.654,152,108,257,172,476,0,0.000,0,0,0,0,
319,person,0.613,50,656,269,701,398,0,0.000,0,0,0,0,
320,car,0.512,47,1431,322,1509,378,0,0.000,0,0,0,0,
320,car,0.524,70,1384,324,1435,360,0,0.000,0,0,0,0,
320,car,0.388,77,1387,323,1447,370,0,0.000,0,0,0,0,
320,car,0.577,88,1367,322,1399,357,0,0.000,0,0,0,0,
320,car,0.510,89,1343,321,1378,352,0,0.000,0,0,0,0,
320,car,0.621,109,1299,318,1344,347,0,0.000,0,0,0,0,
320,car,0.344,142,1428,324,1486,377,0,0.000,0,0,0,0,
320,person,0.742,154,157,257,239,479,0,0.000,0,0,0,0,
320,person,0.616,152,111,256,176,477,0,0.000,0,0,0,0,
320,person,0.639,50,657,269,702,397,0,0.000,0,0,0,0,
321,car,0.547,47,1431,322,1509,379,0,0.000,0,0,0,0,
321,car,0.527,70,1384,324,1435,360,0,0.000,0,0,0,0,
321,car,0.397,77,1387,323,1447,369,0,0.000,0,0,0,0,
321,car,0.580,88,1366,322,1399,357,0,0.000,0,0,0,0,
321,car,0.515,89,1343,321,1379,352,0,0.000,0,0,0,0,
321,car,0.624,109,1299,318,1344,347,0,0.000,0,0,0,0,
321,person,0.735,154,158,253,242,478,0,0.000,0,0,0,0,
321,person,0.632,152,113,254,179,477,0,0.000,0,0,0,0,
321,person,0.633,50,661,268,704,393,0,0.000,0,0,0,0,
322,car,0.537,47,1431,323,1509,379,0,0.000,0,0,0,0,
322,car,0.524,70,1384,324,1435,360,0,0.000,0,0,0,0,
322,car,0.389,77,1387,323,1447,369,0,0.000,0,0,0,0,
322,car,0.571,88,1366,322,1399,357,0,0.000,0,0,0,0,
322,car,0.494,89,1343,321,1379,352,0,0.000,0,0,0,0,
322,car,0.613,109,1297,318,1343,347,0,0.000,0,0,0,0,
322,person,0.652,154,163,251,246,477,0,0.000,0,0,0,0,
322,person,0.612,152,116,252,183,475,0,0.000,0,0,0,0,
322,person,0.646,50,663,267,706,393,0,0.000,0,0,0,0,
323,car,0.587,47,1431,323,1510,379,0,0.000,0,0,0,0,
323,car,0.532,70,1384,324,1435,360,0,0.000,0,0,0,0,
323,car,0.390,77,1387,323,1446,369,0,0.000,0,0,0,0,
323,car,0.565,88,1366,322,1399,357,0,0.000,0,0,0,0,
323,car,0.504,89,1343,321,1379,352,0,0.000,0,0,0,0,
323,car,0.617,109,1296,317,1343,347,0,0.000,0,0,0,0,
323,person,0.723,154,166,251,249,478,0,0.000,0,0,0,0,
323,person,0.683,152,119,254,185,473,0,0.000,0,0,0,0,
323,person,0.622,50,665,268,708,394,0,0.000,0,0,0,0,
324,car,0.612,47,1430,323,1510,380,0,0.000,0,0,0,0,
324,car,0.531,70,1384,324,1435,360,0,0.000,0,0,0,0,
324,car,0.363,77,1386,323,1446,369,0,0.000,0,0,0,0,
324,car,0.569,88,1366,322,1399,357,0,0.000,0,0,0,0,
324,car,0.497,89,1344,321,1379,352,0,0.000,0,0,0,0,
324,car,0.628,109,1296,317,1343,347,0,0.000,0,0,0,0,
324,person,0.708,154,174,256,255,478,0,0.000,0,0,0,0,
324,person,0.674,152,122,257,188,474,0,0.000,0,0,0,0,
324,person,0.649,50,666,270,708,394,0,0.000,0,0,0,0,
324,car,0.263,132,1504,314,1565,383,0,0.000,0,0,0,0,
325,car,0.619,47,1429,323,1509,380,0,0.000,0,0,0,0,
325,car,0.524,70,1383,324,1434,360,0,0.000,0,0,0,0,
325,car,0.352,77,1386,323,1446,369,0,0.000,0,0,0,0,
325,car,0.577,88,1366,322,1399,357,0,0.000,0,0,0,0,
325,car,0.492,89,1344,321,1380,352,0,0.000,0,0,0,0,
325,car,0.644,109,1296,317,1343,347,0,0.000,0,0,0,0,
325,person,0.666,154,179,255,259,476,0,0.000,0,0,0,0,
325,person,0.659,152,125,257,190,470,0,0.000,0,0,0,0,
325,person,0.525,50,668,273,708,391,0,0.000,0,0,0,0,
325,car,0.263,132,1504,314,1565,383,0,0.000,0,0,0,0,
326,car,0.615,47,1429,323,1509,380,0,0.000,0,0,0,0,
326,car,0.515,70,1384,324,1434,360,0,0.000,0,0,0,0,
326,car,0.362,77,1386,323,1445,369,0,0.000,0,0,0,0,
326,car,0.586,88,1366,322,1399,357,0,0.000,0,0,0,0,
326,car,0.485,89,1344,321,1380,352,0,0.000,0,0,0,0,
326,car,0.658,109,1295,317,1343,348,0,0.000,0,0,0,0,
326,person,0.676,154,185,251,265,475,0,0.000,0,0,0,0,
326,person,0.750,152,131,254,198,470,0,0.000,0,0,0,0,
326,person,0.282,50,669,275,708,388,0,0.000,0,0,0,0,
326,car,0.283,132,1504,313,1565,383,0,0.000,0,0,0,0,
327,car,0.632,47,1429,322,1510,380,0,0.000,0,0,0,0,
327,car,0.515,70,1383,325,1434,360,0,0.000,0,0,0,0,
327,car,0.367,77,1386,324,1445,369,0,0.000,0,0,0,0,
327,car,0.580,88,1366,322,1399,357,0,0.000,0,0,0,0,
327,car,0.476,89,1344,321,1379,352,0,0.000,0,0,0,0,
327,car,0.664,109,1295,317,1344,348,0,0.000,0,0,0,0,
327,person,0.685,154,189,251,269,477,0,0.000,0,0,0,0,
327,person,0.760,152,136,254,204,470,0,0.000,0,0,0,0,
327,person,0.444,50,670,274,710,388,0,0.000,0,0,0,0,
327,car,0.285,132,1503,313,1565,383,0,0.000,0,0,0,0,
328,car,0.610,47,1429,322,1510,380,0,0.000,0,0,0,0,
328,car,0.509,70,1384,325,1434,360,0,0.000,0,0,0,0,
328,car,0.370,77,1386,324,1444,369,0,0.000,0,0,0,0,
328,car,0.582,88,1366,322,1399,357,0,0.000,0,0,0,0,
328,car,0.475,89,1344,321,1380,352,0,0.000,0,0,0,0,
328,car,0.664,109,1295,317,1344,348,0,0.000,0,0,0,0,
328,person,0.709,154,194,251,272,476,0,0.000,0,0,0,0,
328,person,0.791,152,141,253,210,470,0,0.000,0,0,0,0,
328,person,0.437,50,671,273,711,386,0,0.000,0,0,0,0,
328,car,0.289,132,1503,313,1565,383,0,0.000,0,0,0,0,
329,car,0.611,47,1429,322,1510,380,0,0.000,0,0,0,0,
329,car,0.509,70,1384,325,1434,361,0,0.000,0,0,0,0,
329,car,0.373,77,1386,324,1444,369,0,0.000,0,0,0,0,
329,car,0.583,88,1365,323,1399,357,0,0.000,0,0,0,0,
329,car,0.476,89,1344,321,1380,352,0,0.000,0,0,0,0,
329,car,0.665,109,1295,317,1344,348,0,0.000,0,0,0,0,
329,person,0.656,154,202,259,277,476,0,0.000,0,0,0,0,
329,person,0.795,152,145,257,214,470,0,0.000,0,0,0,0,
329,car,0.292,132,1503,313,1565,383,0,0.000,0,0,0,0,
330,car,0.629,47,1430,322,1510,380,0,0.000,0,0,0,0,
330,car,0.513,70,1384,325,1434,361,0,0.000,0,0,0,0,
330,car,0.382,77,1386,324,1444,368,0,0.000,0,0,0,0,
330,car,0.560,88,1366,323,1399,357,0,0.000,0,0,0,0,
330,car,0.458,89,1344,321,1380,352,0,0.000,0,0,0,0,
330,car,0.648,109,1295,317,1344,348,0,0.000,0,0,0,0,
330,person,0.609,154,212,261,287,474,0,0.000,0,0,0,0,
330,person,0.824,152,149,261,217,470,0,0.000,0,0,0,0,
330,car,0.280,132,1504,313,1565,383,0,0.000,0,0,0,0,
331,car,0.653,47,1430,322,1510,380,0,0.000,0,0,0,0,
331,car,0.522,70,1384,325,1435,361,0,0.000,0,0,0,0,
331,car,0.326,77,1387,325,1445,371,0,0.000,0,0,0,0,
331,car,0.550,88,1366,323,1399,357,0,0.000,0,0,0,0,
331,car,0.464,89,1345,321,1380,352,0,0.000,0,0,0,0,
331,car,0.618,109,1295,317,1344,348,0,0.000,0,0,0,0,
331,person,0.710,154,219,262,294,472,0,0.000,0,0,0,0,
331,person,0.861,152,153,261,221,471,0,0.000,0,0,0,0,
331,car,0.271,132,1504,314,1566,383,0,0.000,0,0,0,0,
331,person,0.303,50,676,280,714,388,0,0.000,0,0,0,0,
332,car,0.653,47,1429,322,1510,381,0,0.000,0,0,0,0,
332,car,0.523,70,1384,325,1435,361,0,0.000,0,0,0,0,
332,car,0.404,77,1387,324,1444,369,0,0.000,0,0,0,0,
332,car,0.557,88,1366,323,1399,357,0,0.000,0,0,0,0,
332,car,0.470,89,1344,321,1380,352,0,0.000,0,0,0,0,
332,car,0.626,109,1295,317,1344,348,0,0.000,0,0,0,0,
332,person,0.713,154,223,254,301,471,0,0.000,0,0,0,0,
332,person,0.788,152,156,259,225,470,0,0.000,0,0,0,0,
332,car,0.272,132,1504,314,1565,383,0,0.000,0,0,0,0,
332,person,0.413,50,677,282,716,390,0,0.000,0,0,0,0,
333,car,0.656,47,1429,322,1510,381,0,0.000,0,0,0,0,
333,car,0.524,70,1384,325,1436,361,0,0.000,0,0,0,0,
333,car,0.331,77,1387,325,1445,371,0,0.000,0,0,0,0,
333,car,0.557,88,1366,323,1399,357,0,0.000,0,0,0,0,
333,car,0.485,89,1344,321,1380,352,0,0.000,0,0,0,0,
333,car,0.660,109,1295,318,1344,348,0,0.000,0,0,0,0,
333,person,0.700,154,223,253,304,471,0,0.000,0,0,0,0,
333,person,0.794,152,158,255,228,469,0,0.000,0,0,0,0,
333,car,0.280,132,1504,313,1565,383,0,0.000,0,0,0,0,
333,person,0.412,50,678,283,718,392,0,0.000,0,0,0,0,
334,car,0.657,47,1429,321,1510,381,0,0.000,0,0,0,0,
334,car,0.519,70,1384,325,1436,361,0,0.000,0,0,0,0,
334,car,0.326,77,1388,325,1446,372,0,0.000,0,0,0,0,
334,car,0.559,88,1366,323,1399,357,0,0.000,0,0,0,0,
334,car,0.478,89,1344,321,1380,352,0,0.000,0,0,0,0,
334,car,0.647,109,1296,318,1345,348,0,0.000,0,0,0,0,
334,person,0.722,154,225,252,308,473,0,0.000,0,0,0,0,
334,person,0.780,152,163,254,234,471,0,0.000,0,0,0,0,
334,car,0.275,132,1504,313,1565,383,0,0.000,0,0,0,0,
334,person,0.506,50,680,282,719,391,0,0.000,0,0,0,0,
335,car,0.677,47,1430,321,1509,380,0,0.000,0,0,0,0,
335,car,0.526,70,1384,325,1436,361,0,0.000,0,0,0,0,
335,car,0.314,77,1388,325,1446,372,0,0.000,0,0,0,0,
335,car,0.564,88,1366,323,1399,357,0,0.000,0,0,0,0,
335,car,0.474,89,1344,321,1380,352,0,0.000,0,0,0,0,
335,car,0.635,109,1296,318,1345,349,0,0.000,0,0,0,0,
335,person,0.770,154,226,251,311,473,0,0.000,0,0,0,0,
335,person,0.752,152,166,254,237,471,0,0.000,0,0,0,0,
335,car,0.279,132,1504,313,1566,383,0,0.000,0,0,0,0,
335,person,0.537,50,681,281,721,391,0,0.000,0,0,0,0,
336,car,0.663,47,1430,322,1509,380,0,0.000,0,0,0,0,
336,car,0.527,70,1384,325,1436,361,0,0.000,0,0,0,0,
336,car,0.326,77,1388,325,1446,372,0,0.000,0,0,0,0,
336,car,0.599,88,1366,323,1399,357,0,0.000,0,0,0,0,
336,car,0.498,89,1345,320,1381,352,0,0.000,0,0,0,0,
336,car,0.648,109,1298,318,1346,348,0,0.000,0,0,0,0,
336,person,0.765,154,225,252,312,474,0,0.000,0,0,0,0,
336,person,0.752,152,168,254,238,467,0,0.000,0,0,0,0,
336,car,0.276,132,1504,313,1566,383,0,0.000,0,0,0,0,
336,person,0.550,50,682,280,722,391,0,0.000,0,0,0,0,
337,car,0.676,47,1431,322,1509,380,0,0.000,0,0,0,0,
337,car,0.526,70,1384,325,1436,361,0,0.000,0,0,0,0,
337,car,0.327,77,1388,325,1445,372,0,0.000,0,0,0,0,
337,car,0.606,88,1366,323,1399,357,0,0.000,0,0,0,0,
337,car,0.507,89,1346,320,1382,352,0,0.000,0,0,0,0,
337,car,0.641,109,1300,319,1346,348,0,0.000,0,0,0,0,
337,person,0.739,154,226,252,314,473,0,0.000,0,0,0,0,
337,person,0.764,152,174,254,244,463,0,0.000,0,0,0,0,
337,car,0.287,132,1504,313,1565,383,0,0.000,0,0,0,0,
337,person,0.597,50,685,281,724,391,0,0.000,0,0,0,0,
338,car,0.666,47,1432,322,1509,380,0,0.000,0,0,0,0,
338,car,0.525,70,1384,325,1437,361,0,0.000,0,0,0,0,
338,car,0.336,77,1388,325,1445,372,0,0.000,0,0,0,0,
338,car,0.604,88,1366,323,1399,357,0,0.000,0,0,0,0,
338,car,0.508,89,1346,320,1382,352,0,0.000,0,0,0,0,
338,car,0.635,109,1300,319,1347,348,0,0.000,0,0,0,0,
338,person,0.581,154,232,251,320,473,0,0.000,0,0,0,0,
338,person,0.754,152,181,254,252,464,0,0.000,0,0,0,0,
338,car,0.287,132,1503,314,1565,383,0,0.000,0,0,0,0,
338,person,0.552,50,686,282,725,390,0,0.000,0,0,0,0,
339,car,0.645,47,1432,322,1510,379,0,0.000,0,0,0,0,
339,car,0.520,70,1384,325,1437,361,0,0.000,0,0,0,0,
339,car,0.322,77,1389,325,1445,372,0,0.000,0,0,0,0,
339,car,0.601,88,1365,323,1399,357,0,0.000,0,0,0,0,
339,car,0.508,89,1346,321,1383,352,0,0.000,0,0,0,0,
339,car,0.642,109,1301,319,1347,348,0,0.000,0,0,0,0,
339,person,0.719,154,236,258,321,472,0,0.000,0,0,0,0,
339,person,0.764,152,182,256,252,463,0,0.000,0,0,0,0,
339,car,0.283,132,1503,314,1564,383,0,0.000,0,0,0,0,
339,person,0.570,50,687,282,725,391,0,0.000,0,0,0,0,
340,car,0.616,47,1432,322,1508,378,0,0.000,0,0,0,0,
340,car,0.522,70,1384,325,1437,361,0,0.000,0,0,0,0,
340,car,0.348,77,1390,325,1446,373,0,0.000,0,0,0,0,
340,car,0.600,88,1365,323,1399,356,0,0.000,0,0,0,0,
340,car,0.503,89,1346,321,1383,352,0,0.000,0,0,0,0,
340,car,0.626,109,1301,319,1347,348,0,0.000,0,0,0,0,
340,person,0.775,154,244,258,325,469,0,0.000,0,0,0,0,
340,person,0.768,152,186,256,256,463,0,0.000,0,0,0,0,
340,car,0.276,132,1501,314,1563,383,0,0.000,0,0,0,0,
340,person,0.596,50,687,281,725,388,0,0.000,0,0,0,0,
341,car,0.600,47,1432,321,1507,378,0,0.000,0,0,0,0,
341,car,0.525,70,1384,325,1438,361,0,0.000,0,0,0,0,
341,car,0.340,77,1390,325,1447,373,0,0.000,0,0,0,0,
341,car,0.607,88,1366,323,1400,357,0,0.000,0,0,0,0,
341,car,0.509,89,1346,321,1382,352,0,0.000,0,0,0,0,
341,car,0.629,109,1301,319,1347,348,0,0.000,0,0,0,0,
341,person,0.764,154,249,255,330,469,0,0.000,0,0,0,0,
341,person,0.771,152,190,257,259,463,0,0.000,0,0,0,0,
341,car,0.282,132,1500,314,1563,383,0,0.000,0,0,0,0,
341,person,0.606,50,688,280,725,387,0,0.000,0,0,0,0,
342,car,0.591,47,1431,321,1507,378,0,0.000,0,0,0,0,
342,car,0.529,70,1384,325,1438,361,0,0.000,0,0,0,0,
342,car,0.332,77,1390,325,1447,373,0,0.000,0,0,0,0,
342,car,0.605,88,1365,323,1399,357,0,0.000,0,0,0,0,
342,car,0.510,89,1346,321,1383,352,0,0.000,0,0,0,0,
342,car,0.639,109,1301,319,1347,348,0,0.000,0,0,0,0,
342,person,0.758,154,253,250,335,468,0,0.000,0,0,0,0,
342,person,0.731,152,192,256,260,461,0,0.000,0,0,0,0,
342,car,0.279,132,1498,313,1562,383,0,0.000,0,0,0,0,
342,person,0.416,50,688,279,725,386,0,0.000,0,0,0,0,
343,car,0.609,47,1430,322,1506,379,0,0.000,0,0,0,0,
343,car,0.538,70,1384,325,1437,361,0,0.000,0,0,0,0,
343,car,0.333,77,1390,325,1447,373,0,0.000,0,0,0,0,
343,car,0.610,88,1366,323,1400,357,0,0.000,0,0,0,0,
343,car,0.520,89,1346,321,1383,352,0,0.000,0,0,0,0,
343,car,0.648,109,1301,319,1347,348,0,0.000,0,0,0,0,
343,person,0.774,154,258,251,338,466,0,0.000,0,0,0,0,
343,person,0.735,152,195,259,262,460,0,0.000,0,0,0,0,
343,car,0.267,132,1499,313,1564,383,0,0.000,0,0,0,0,
343,person,0.429,50,689,280,726,386,0,0.000,0,0,0,0,
343,person,0.661,140,200,258,280,465,0,0.000,0,0,0,0,
344,car,0.623,47,1431,322,1506,378,0,0.000,0,0,0,0,
344,car,0.537,70,1384,325,1437,361,0,0.000,0,0,0,0,
344,car,0.337,77,1390,326,1446,372,0,0.000,0,0,0,0,
344,car,0.587,88,1366,323,1400,357,0,0.000,0,0,0,0,
344,car,0.508,89,1346,321,1383,352,0,0.000,0,0,0,0,
344,car,0.635,109,1301,319,1347,348,0,0.000,0,0,0,0,
344,person,0.815,154,263,255,340,464,0,0.000,0,0,0,0,
344,car,0.260,132,1498,313,1564,383,0,0.000,0,0,0,0,
344,person,0.598,50,689,281,725,385,0,0.000,0,0,0,0,
344,person,0.700,140,201,263,279,463,0,0.000,0,0,0,0,
345,car,0.619,47,1432,322,1506,378,0,0.000,0,0,0,0,
345,car,0.536,70,1383,325,1437,361,0,0.000,0,0,0,0,
345,car,0.335,77,1390,326,1446,372,0,0.000,0,0,0,0,
345,car,0.585,88,1366,323,1400,357,0,0.000,0,0,0,0,
345,car,0.505,89,1345,321,1383,352,0,0.000,0,0,0,0,
345,car,0.627,109,1301,319,1347,348,0,0.000,0,0,0,0,
345,person,0.842,154,267,255,344,466,0,0.000,0,0,0,0,
345,car,0.261,132,1499,313,1564,383,0,0.000,0,0,0,0,
345,person,0.705,50,689,280,726,386,0,0.000,0,0,0,0,
345,person,0.737,140,205,260,288,464,0,0.000,0,0,0,0,
346,car,0.615,47,1432,322,1506,377,0,0.000,0,0,0,0,
346,car,0.527,70,1384,325,1438,361,0,0.000,0,0,0,0,
346,car,0.328,77,1390,326,1445,372,0,0.000,0,0,0,0,
346,car,0.571,88,1366,323,1400,357,0,0.000,0,0,0,0,
346,car,0.495,89,1345,321,1382,352,0,0.000,0,0,0,0,
346,car,0.612,109,1301,319,1346,348,0,0.000,0,0,0,0,
346,person,0.770,154,272,257,349,467,0,0.000,0,0,0,0,
346,person,0.723,50,689,280,726,389,0,0.000,0,0,0,0,
346,person,0.729,140,208,259,293,464,0,0.000,0,0,0,0,
347,car,0.624,47,1431,323,1506,378,0,0.000,0,0,0,0,
347,car,0.533,70,1383,325,1438,361,0,0.000,0,0,0,0,
347,car,0.330,77,1390,325,1445,372,0,0.000,0,0,0,0,
347,car,0.588,88,1366,323,1400,357,0,0.000,0,0,0,0,
347,car,0.511,89,1344,321,1382,352,0,0.000,0,0,0,0,
347,car,0.613,109,1301,319,1346,348,0,0.000,0,0,0,0,
347,person,0.764,154,277,260,353,467,0,0.000,0,0,0,0,
347,person,0.721,50,689,280,726,390,0,0.000,0,0,0,0,
347,person,0.775,152,208,262,276,461,0,0.000,0,0,0,0,
347,car,0.258,132,1498,313,1564,383,0,0.000,0,0,0,0,
348,car,0.614,47,1432,323,1506,378,0,0.000,0,0,0,0,
348,car,0.528,70,1383,325,1438,361,0,0.000,0,0,0,0,
348,car,0.328,77,1390,325,1446,372,0,0.000,0,0,0,0,
348,car,0.560,88,1366,323,1400,356,0,0.000,0,0,0,0,
348,car,0.516,89,1344,321,1382,352,0,0.000,0,0,0,0,
348,car,0.595,109,1301,319,1346,348,0,0.000,0,0,0,0,
348,person,0.758,154,281,262,357,467,0,0.000,0,0,0,0,
348,person,0.670,50,690,280,726,388,0,0.000,0,0,0,0,
348,person,0.723,152,212,261,281,462,0,0.000,0,0,0,0,
348,car,0.254,132,1498,313,1564,383,0,0.000,0,0,0,0,
349,car,0.608,47,1433,323,1506,377,0,0.000,0,0,0,0,
349,car,0.519,70,1383,325,1438,361,0,0.000,0,0,0,0,
349,car,0.319,77,1391,325,1447,372,0,0.000,0,0,0,0,
349,car,0.557,88,1366,323,1400,356,0,0.000,0,0,0,0,
349,car,0.514,89,1344,321,1382,352,0,0.000,0,0,0,0,
349,car,0.587,109,1301,319,1345,347,0,0.000,0,0,0,0,
349,person,0.721,154,285,264,359,466,0,0.000,0,0,0,0,
349,person,0.734,50,690,281,726,387,0,0.000,0,0,0,0,
349,person,0.721,152,217,262,286,461,0,0.000,0,0,0,0,
350,car,0.619,47,1433,323,1507,377,0,0.000,0,0,0,0,
350,car,0.516,70,1383,325,1438,361,0,0.000,0,0,0,0,
350,car,0.401,77,1390,324,1444,369,0,0.000,0,0,0,0,
350,car,0.536,88,1367,323,1400,356,0,0.000,0,0,0,0,
350,car,0.502,89,1343,321,1381,352,0,0.000,0,0,0,0,
350,car,0.588,109,1301,319,1345,347,0,0.000,0,0,0,0,
350,person,0.723,154,288,267,362,466,0,0.000,0,0,0,0,
350,person,0.731,50,690,282,727,388,0,0.000,0,0,0,0,
350,person,0.733,152,224,261,293,458,0,0.000,0,0,0,0,
351,car,0.615,47,1433,323,1508,377,0,0.000,0,0,0,0,
351,car,0.517,70,1383,325,1438,361,0,0.000,0,0,0,0,
351,car,0.298,77,1390,325,1447,371,0,0.000,0,0,0,0,
351,car,0.539,88,1367,323,1400,356,0,0.000,0,0,0,0,
351,car,0.506,89,1343,321,1381,352,0,0.000,0,0,0,0,
351,car,0.572,109,1301,319,1345,347,0,0.000,0,0,0,0,
351,person,0.785,154,290,262,366,465,0,0.000,0,0,0,0,
351,person,0.680,50,691,283,727,388,0,0.000,0,0,0,0,
351,person,0.775,152,229,259,299,455,0,0.000,0,0,0,0,
352,car,0.627,47,1434,323,1508,377,0,0.000,0,0,0,0,
352,car,0.516,70,1383,325,1438,361,0,0.000,0,0,0,0,
352,car,0.388,77,1390,324,1444,369,0,0.000,0,0,0,0,
352,car,0.526,88,1368,323,1401,357,0,0.000,0,0,0,0,
352,car,0.486,89,1342,321,1379,352,0,0.000,0,0,0,0,
352,car,0.562,109,1301,319,1345,347,0,0.000,0,0,0,0,
352,person,0.781,154,294,258,370,463,0,0.000,0,0,0,0,
352,person,0.675,50,692,283,728,388,0,0.000,0,0,0,0,
352,person,0.801,152,234,258,303,454,0,0.000,0,0,0,0,
353,car,0.627,47,1434,323,1508,377,0,0.000,0,0,0,0,
353,car,0.522,70,1382,325,1438,361,0,0.000,0,0,0,0,
353,car,0.284,77,1390,325,1447,371,0,0.000,0,0,0,0,
353,car,0.518,88,1368,323,1401,357,0,0.000,0,0,0,0,
353,car,0.486,89,1343,321,1380,352,0,0.000,0,0,0,0,
353,car,0.552,109,1301,319,1345,347,0,0.000,0,0,0,0,
353,person,0.743,154,297,258,373,462,0,0.000,0,0,0,0,
353,person,0.675,50,692,284,728,389,0,0.000,0,0,0,0,
353,person,0.820,152,238,256,306,452,0,0.000,0,0,0,0,
354,car,0.646,47,1433,323,1509,377,0,0.000,0,0,0,0,
354,car,0.528,70,1382,325,1438,361,0,0.000,0,0,0,0,
354,car,0.384,77,1389,324,1444,368,0,0.000,0,0,0,0,
354,car,0.527,88,1368,323,1400,357,0,0.000,0,0,0,0,
354,car,0.505,89,1343,321,1381,352,0,0.000,0,0,0,0,
354,car,0.542,109,1302,319,1345,347,0,0.000,0,0,0,0,
354,person,0.742,154,302,253,378,462,0,0.000,0,0,0,0,
354,person,0.696,50,692,285,728,389,0,0.000,0,0,0,0,
354,person,0.823,152,241,259,309,452,0,0.000,0,0,0,0,
355,car,0.640,47,1433,323,1509,377,0,0.000,0,0,0,0,
355,car,0.528,70,1382,325,1437,361,0,0.000,0,0,0,0,
355,car,0.384,77,1389,324,1443,367,0,0.000,0,0,0,0,
355,car,0.528,88,1368,323,1400,357,0,0.000,0,0,0,0,
355,car,0.499,89,1344,321,1381,352,0,0.000,0,0,0,0,
355,car,0.536,109,1301,319,1346,347,0,0.000,0,0,0,0,
355,person,0.772,154,303,254,379,462,0,0.000,0,0,0,0,
355,person,0.718,50,692,286,728,389,0,0.000,0,0,0,0,
355,person,0.839,152,245,260,313,453,0,0.000,0,0,0,0,
356,car,0.631,47,1433,323,1509,378,0,0.000,0,0,0,0,
356,car,0.525,70,1382,325,1437,361,0,0.000,0,0,0,0,
356,car,0.390,77,1388,324,1443,367,0,0.000,0,0,0,0,
356,car,0.512,88,1368,323,1400,357,0,0.000,0,0,0,0,
356,car,0.486,89,1344,321,1381,352,0,0.000,0,0,0,0,
356,car,0.532,109,1301,319,1345,347,0,0.000,0,0,0,0,
356,person,0.770,154,306,254,382,463,0,0.000,0,0,0,0,
356,person,0.656,50,694,286,729,387,0,0.000,0,0,0,0,
356,person,0.812,152,248,261,316,454,0,0.000,0,0,0,0,
357,car,0.625,47,1432,323,1509,378,0,0.000,0,0,0,0,
357,car,0.516,70,1382,325,1437,361,0,0.000,0,0,0,0,
357,car,0.387,77,1388,324,1443,367,0,0.000,0,0,0,0,
357,car,0.524,88,1368,323,1400,357,0,0.000,0,0,0,0,
357,car,0.491,89,1344,321,1381,352,0,0.000,0,0,0,0,
357,car,0.546,109,1302,319,1345,347,0,0.000,0,0,0,0,
357,person,0.754,154,313,255,388,463,0,0.000,0,0,0,0,
357,person,0.624,50,694,285,730,387,0,0.000,0,0,0,0,
357,person,0.791,152,251,260,320,455,0,0.000,0,0,0,0,
358,car,0.612,47,1432,323,1509,378,0,0.000,0,0,0,0,
358,car,0.522,70,1382,325,1437,361,0,0.000,0,0,0,0,
358,car,0.397,77,1387,324,1443,367,0,0.000,0,0,0,0,
358,car,0.517,88,1369,323,1400,357,0,0.000,0,0,0,0,
358,car,0.499,89,1344,321,1382,352,0,0.000,0,0,0,0,
358,car,0.530,109,1302,319,1346,347,0,0.000,0,0,0,0,
358,person,0.629,154,321,258,394,460,0,0.000,0,0,0,0,
358,person,0.610,50,694,285,730,387,0,0.000,0,0,0,0,
358,person,0.800,152,254,259,324,455,0,0.000,0,0,0,0,
359,car,0.605,47,1431,323,1509,379,0,0.000,0,0,0,0,
359,car,0.511,70,1382,325,1437,361,0,0.000,0,0,0,0,
359,car,0.395,77,1387,324,1444,367,0,0.000,0,0,0,0,
359,car,0.514,88,1369,323,1400,357,0,0.000,0,0,0,0,
359,car,0.491,89,1343,321,1381,352,0,0.000,0,0,0,0,
359,car,0.540,109,1302,319,1345,347,0,0.000,0,0,0,0,
359,person,0.702,154,329,265,399,457,0,0.000,0,0,0,0,
359,person,0.567,50,696,286,731,388,0,0.000,0,0,0,0,
359,person,0.776,152,258,260,328,454,0,0.000,0,0,0,0,
360,car,0.587,47,1431,323,1508,378,0,0.000,0,0,0,0,
360,car,0.522,70,1382,325,1438,362,0,0.000,0,0,0,0,
360,car,0.447,77,1386,324,1445,369,0,0.000,0,0,0,0,
360,car,0.543,88,1367,323,1399,357,0,0.000,0,0,0,0,
360,car,0.492,89,1343,321,1381,352,0,0.000,0,0,0,0,
360,car,0.554,109,1302,319,1345,347,0,0.000,0,0,0,0,
360,person,0.644,154,333,264,404,456,0,0.000,0,0,0,0,
360,person,0.623,50,697,286,733,388,0,0.000,0,0,0,0,
360,person,0.790,152,261,261,331,453,0,0.000,0,0,0,0,
361,car,0.578,47,1431,323,1508,378,0,0.000,0,0,0,0,
361,car,0.518,70,1383,325,1439,362,0,0.000,0,0,0,0,
361,car,0.450,77,1386,324,1446,369,0,0.000,0,0,0,0,
361,car,0.549,88,1367,323,1399,357,0,0.000,0,0,0,0,
361,car,0.482,89,1343,321,1381,352,0,0.000,0,0,0,0,
361,car,0.557,109,1301,319,1345,347,0,0.000,0,0,0,0,
361,person,0.664,154,335,260,409,456,0,0.000,0,0,0,0,
361,person,0.621,50,698,286,734,388,0,0.000,0,0,0,0,
361,person,0.824,152,266,264,335,452,0,0.000,0,0,0,0,
362,car,0.590,47,1431,323,1508,378,0,0.000,0,0,0,0,
362,car,0.528,70,1383,325,1439,362,0,0.000,0,0,0,0,
362,car,0.453,77,1386,324,1446,370,0,0.000,0,0,0,0,
362,car,0.548,88,1367,323,1399,357,0,0.000,0,0,0,0,
362,car,0.500,89,1343,321,1381,352,0,0.000,0,0,0,0,
362,car,0.579,109,1301,318,1345,347,0,0.000,0,0,0,0,
362,person,0.646,154,336,260,411,458,0,0.000,0,0,0,0,
362,person,0.622,50,699,285,734,387,0,0.000,0,0,0,0,
362,person,0.821,152,270,264,339,453,0,0.000,0,0,0,0,
363,car,0.583,47,1432,322,1509,378,0,0.000,0,0,0,0,
363,car,0.527,70,1383,325,1438,362,0,0.000,0,0,0,0,
363,car,0.451,77,1386,324,1446,369,0,0.000,0,0,0,0,
363,car,0.565,88,1366,323,1399,357,0,0.000,0,0,0,0,
363,car,0.510,89,1343,321,1381,352,0,0.000,0,0,0,0,
363,car,0.584,109,1301,319,1344,347,0,0.000,0,0,0,0,
363,person,0.682,154,333,261,410,460,0,0.000,0,0,0,0,
363,person,0.574,50,699,284,735,386,0,0.000,0,0,0,0,
363,person,0.801,152,273,265,342,453,0,0.000,0,0,0,0,
364,car,0.588,47,1432,323,1509,378,0,0.000,0,0,0,0,
364,car,0.529,70,1383,325,1438,362,0,0.000,0,0,0,0,
364,car,0.449,77,1386,324,1446,370,0,0.000,0,0,0,0,
364,car,0.542,88,1367,323,1399,357,0,0.000,0,0,0,0,
364,car,0.493,89,1342,321,1380,352,0,0.000,0,0,0,0,
364,car,0.570,109,1301,319,1344,347,0,0.000,0,0,0,0,
364,person,0.646,154,334,259,412,461,0,0.000,0,0,0,0,
364,person,0.560,50,700,283,736,386,0,0.000,0,0,0,0,
364,person,0.810,152,277,265,346,452,0,0.000,0,0,0,0,
365,car,0.579,47,1432,323,1509,379,0,0.000,0,0,0,0,
365,car,0.528,70,1383,325,1438,362,0,0.000,0,0,0,0,
365,car,0.452,77,1386,324,1446,370,0,0.000,0,0,0,0,
365,car,0.552,88,1367,323,1399,357,0,0.000,0,0,0,0,
365,car,0.507,89,1342,321,1380,352,0,0.000,0,0,0,0,
365,car,0.564,109,1302,318,1344,347,0,0.000,0,0,0,0,
365,person,0.644,154,336,257,413,458,0,0.000,0,0,0,0,
365,person,0.572,50,700,280,737,386,0,0.000,0,0,0,0,
365,person,0.834,152,279,262,349,450,0,0.000,0,0,0,0,
366,car,0.554,47,1432,323,1509,379,0,0.000,0,0,0,0,
366,car,0.522,70,1383,325,1437,361,0,0.000,0,0,0,0,
366,car,0.436,77,1386,324,1446,369,0,0.000,0,0,0,0,
366,car,0.558,88,1367,323,1399,357,0,0.000,0,0,0,0,
366,car,0.502,89,1342,321,1380,352,0,0.000,0,0,0,0,
366,car,0.566,109,1302,318,1344,347,0,0.000,0,0,0,0,
366,person,0.737,154,342,258,418,457,0,0.000,0,0,0,0,
366,person,0.547,50,701,278,738,386,0,0.000,0,0,0,0,
366,person,0.826,152,283,260,353,449,0,0.000,0,0,0,0,
367,car,0.559,47,1432,323,1508,379,0,0.000,0,0,0,0,
367,car,0.527,70,1383,325,1437,361,0,0.000,0,0,0,0,
367,car,0.448,77,1386,324,1446,370,0,0.000,0,0,0,0,
367,car,0.550,88,1367,323,1399,357,0,0.000,0,0,0,0,
367,car,0.508,89,1343,321,1380,352,0,0.000,0,0,0,0,
367,car,0.534,109,1303,318,1345,347,0,0.000,0,0,0,0,
367,person,0.747,154,347,256,423,457,0,0.000,0,0,0,0,
367,person,0.335,50,702,278,739,385,0,0.000,0,0,0,0,
367,person,0.797,152,286,259,356,449,0,0.000,0,0,0,0,
367,car,0.263,132,1503,314,1568,383,0,0.000,0,0,0,0,
368,car,0.517,47,1432,323,1508,379,0,0.000,0,0,0,0,
368,car,0.538,70,1383,325,1437,361,0,0.000,0,0,0,0,
368,car,0.462,77,1386,324,1446,370,0,0.000,0,0,0,0,
368,car,0.564,88,1367,323,1399,357,0,0.000,0,0,0,0,
368,car,0.523,89,1342,321,1379,352,0,0.000,0,0,0,0,
368,car,0.517,109,1304,318,1345,347,0,0.000,0,0,0,0,
368,person,0.802,154,350,257,426,456,0,0.000,0,0,0,0,
368,person,0.855,152,289,260,359,449,0,0.000,0,0,0,0,
368,car,0.278,132,1504,314,1567,383,0,0.000,0,0,0,0,
369,car,0.500,47,1432,323,1508,379,0,0.000,0,0,0,0,
369,car,0.532,70,1383,325,1437,361,0,0.000,0,0,0,0,
369,car,0.457,77,1386,324,1446,370,0,0.000,0,0,0,0,
369,car,0.562,88,1367,323,1399,357,0,0.000,0,0,0,0,
369,car,0.521,89,1342,321,1380,352,0,0.000,0,0,0,0,
369,car,0.500,109,1304,318,1345,347,0,0.000,0,0,0,0,
369,person,0.805,154,354,256,428,455,0,0.000,0,0,0,0,
369,person,0.788,152,294,259,363,448,0,0.000,0,0,0,0,
369,car,0.281,132,1504,314,1567,383,0,0.000,0,0,0,0,
370,car,0.459,47,1432,323,1509,379,0,0.000,0,0,0,0,
370,car,0.533,70,1383,325,1437,361,0,0.000,0,0,0,0,
370,car,0.455,77,1386,324,1446,370,0,0.000,0,0,0,0,
370,car,0.556,88,1367,323,1399,357,0,0.000,0,0,0,0,
370,car,0.510,89,1343,321,1380,352,0,0.000,0,0,0,0,
370,car,0.517,109,1304,319,1345,347,0,0.000,0,0,0,0,
370,person,0.754,154,358,255,431,455,0,0.000,0,0,0,0,
370,person,0.784,152,297,262,365,448,0,0.000,0,0,0,0,
370,car,0.275,132,1505,314,1567,383,0,0.000,0,0,0,0,
370,person,0.305,50,705,283,741,384,0,0.000,0,0,0,0,
371,car,0.444,47,1433,323,1510,380,0,0.000,0,0,0,0,
371,car,0.528,70,1383,325,1437,361,0,0.000,0,0,0,0,
371,car,0.452,77,1386,324,1446,370,0,0.000,0,0,0,0,
371,car,0.559,88,1367,323,1399,357,0,0.000,0,0,0,0,
371,car,0.517,89,1343,321,1379,352,0,0.000,0,0,0,0,
371,car,0.498,109,1305,318,1346,347,0,0.000,0,0,0,0,
371,person,0.770,154,360,256,434,456,0,0.000,0,0,0,0,
371,person,0.772,152,299,264,365,448,0,0.000,0,0,0,0,
371,car,0.268,132,1506,314,1567,382,0,0.000,0,0,0,0,
371,car,0.337,182,1430,324,1482,377,0,0.000,0,0,0,0,
371,person,0.340,140,308,263,381,446,0,0.000,0,0,0,0,
372,car,0.407,47,1432,323,1508,379,0,0.000,0,0,0,0,
372,car,0.514,70,1383,325,1436,361,0,0.000,0,0,0,0,
372,car,0.434,77,1386,324,1447,370,0,0.000,0,0,0,0,
372,car,0.557,88,1366,323,1399,357,0,0.000,0,0,0,0,
372,car,0.514,89,1343,321,1380,352,0,0.000,0,0,0,0,
372,car,0.493,109,1306,319,1346,347,0,0.000,0,0,0,0,
372,person,0.845,154,364,257,436,455,0,0.000,0,0,0,0,
372,person,0.701,152,304,263,370,448,0,0.000,0,0,0,0,
372,car,0.267,132,1506,314,1566,383,0,0.000,0,0,0,0,
372,car,0.354,182,1430,324,1482,377,0,0.000,0,0,0,0,
373,car,0.407,47,1432,323,1508,379,0,0.000,0,0,0,0,
373,car,0.514,70,1383,325,1436,361,0,0.000,0,0,0,0,
373,car,0.436,77,1386,324,1446,370,0,0.000,0,0,0,0,
373,car,0.556,88,1366,323,1399,357,0,0.000,0,0,0,0,
373,car,0.512,89,1343,321,1380,352,0,0.000,0,0,0,0,
373,car,0.482,109,1305,319,1345,347,0,0.000,0,0,0,0,
373,person,0.793,154,369,264,438,453,0,0.000,0,0,0,0,
373,person,0.649,152,304,267,368,448,0,0.000,0,0,0,0,
373,car,0.264,132,1506,314,1566,383,0,0.000,0,0,0,0,
373,car,0.336,182,1429,324,1481,376,0,0.000,0,0,0,0,
373,person,0.447,140,311,263,386,448,0,0.000,0,0,0,0,
374,car,0.397,47,1434,323,1509,378,0,0.000,0,0,0,0,
374,car,0.505,70,1383,325,1435,361,0,0.000,0,0,0,0,
374,car,0.426,77,1386,324,1446,370,0,0.000,0,0,0,0,
374,car,0.534,88,1366,323,1399,357,0,0.000,0,0,0,0,
374,car,0.511,89,1343,321,1380,353,0,0.000,0,0,0,0,
374,car,0.404,109,1306,318,1345,347,0,0.000,0,0,0,0,
374,person,0.781,154,373,264,442,454,0,0.000,0,0,0,0,
374,person,0.705,152,310,270,372,448,0,0.000,0,0,0,0,
374,car,0.250,132,1506,314,1566,383,0,0.000,0,0,0,0,
374,car,0.314,182,1429,324,1481,376,0,0.000,0,0,0,0,
374,car,0.325,186,1457,323,1512,379,0,0.000,0,0,0,0,
374,person,0.315,140,313,264,390,450,0,0.000,0,0,0,0,
374,person,0.358,50,711,284,746,384,0,0.000,0,0,0,0,
375,car,0.361,47,1434,323,1509,379,0,0.000,0,0,0,0,
375,car,0.494,70,1383,325,1435,361,0,0.000,0,0,0,0,
375,car,0.408,77,1386,324,1446,370,0,0.000,0,0,0,0,
375,car,0.522,88,1367,323,1399,357,0,0.000,0,0,0,0,
375,car,0.490,89,1343,321,1379,352,0,0.000,0,0,0,0,
375,car,0.331,109,1307,318,1345,346,0,0.000,0,0,0,0,
375,person,0.805,154,375,263,444,454,0,0.000,0,0,0,0,
375,person,0.736,152,315,272,377,448,0,0.000,0,0,0,0,
375,car,0.282,182,1429,324,1481,376,0,0.000,0,0,0,0,
375,car,0.310,186,1458,324,1513,379,0,0.000,0,0,0,0,
375,person,0.568,50,711,283,748,385,0,0.000,0,0,0,0,
376,car,0.356,47,1433,323,1508,378,0,0.000,0,0,0,0,
376,car,0.494,70,1383,325,1435,361,0,0.000,0,0,0,0,
376,car,0.422,77,1386,324,1446,370,0,0.000,0,0,0,0,
376,car,0.538,88,1366,323,1398,357,0,0.000,0,0,0,0,
376,car,0.485,89,1343,321,1379,352,0,0.000,0,0,0,0,
376,car,0.326,109,1307,318,1344,346,0,0.000,0,0,0,0,
376,person,0.771,154,378,263,447,453,0,0.000,0,0,0,0,
376,person,0.735,152,315,271,378,448,0,0.000,0,0,0,0,
376,car,0.307,182,1429,324,1481,376,0,0.000,0,0,0,0,
376,car,0.275,186,1460,324,1515,379,0,0.000,0,0,0,0,
376,person,0.653,50,712,283,748,385,0,0.000,0,0,0,0,
377,car,0.339,47,1432,323,1506,378,0,0.000,0,0,0,0,
377,car,0.497,70,1383,325,1435,361,0,0.000,0,0,0,0,
377,car,0.416,77,1387,325,1445,369,0,0.000,0,0,0,0,
377,car,0.545,88,1367,323,1399,357,0,0.000,0,0,0,0,
377,car,0.479,89,1343,321,1379,352,0,0.000,0,0,0,0,
377,car,0.282,109,1308,318,1345,347,0,0.000,0,0,0,0,
377,person,0.804,154,381,264,449,452,0,0.000,0,0,0,0,
377,person,0.755,152,316,271,381,447,0,0.000,0,0,0,0,
377,car,0.305,182,1430,324,1481,376,0,0.000,0,0,0,0,
377,car,0.266,186,1461,324,1516,379,0,0.000,0,0,0,0,
377,person,0.650,50,712,283,748,384,0,0.000,0,0,0,0,
378,car,0.350,47,1433,323,1506,378,0,0.000,0,0,0,0,
378,car,0.501,70,1383,325,1434,361,0,0.000,0,0,0,0,
378,car,0.414,77,1387,325,1445,369,0,0.000,0,0,0,0,
378,car,0.526,88,1367,323,1399,357,0,0.000,0,0,0,0,
378,car,0.491,89,1343,322,1379,353,0,0.000,0,0,0,0,
378,car,0.291,109,1311,319,1346,346,0,0.000,0,0,0,0,
378,person,0.793,154,385,265,453,452,0,0.000,0,0,0,0,
378,person,0.707,152,322,271,388,448,0,0.000,0,0,0,0,
378,car,0.305,182,1430,324,1481,376,0,0.000,0,0,0,0,
378,car,0.297,186,1462,324,1515,379,0,0.000,0,0,0,0,
378,person,0.647,50,713,280,749,383,0,0.000,0,0,0,0,
379,car,0.389,47,1434,323,1508,378,0,0.000,0,0,0,0,
379,car,0.505,70,1383,325,1435,361,0,0.000,0,0,0,0,
379,car,0.422,77,1387,325,1445,369,0,0.000,0,0,0,0,
379,car,0.528,88,1367,323,1399,357,0,0.000,0,0,0,0,
379,car,0.488,89,1343,322,1379,353,0,0.000,0,0,0,0,
379,car,0.305,109,1312,319,1346,346,0,0.000,0,0,0,0,
379,person,0.793,154,389,265,456,451,0,0.000,0,0,0,0,
379,person,0.753,152,326,269,394,447,0,0.000,0,0,0,0,
379,car,0.303,182,1430,324,1481,376,0,0.000,0,0,0,0,
379,car,0.343,186,1461,324,1515,379,0,0.000,0,0,0,0,
379,person,0.689,50,712,278,750,385,0,0.000,0,0,0,0,
380,car,0.378,47,1434,323,1508,377,0,0.000,0,0,0,0,
380,car,0.507,70,1383,325,1434,361,0,0.000,0,0,0,0,
380,car,0.423,77,1387,324,1445,369,0,0.000,0,0,0,0,
380,car,0.537,88,1367,323,1398,357,0,0.000,0,0,0,0,
380,car,0.509,89,1344,322,1380,353,0,0.000,0,0,0,0,
380,car,0.310,109,1313,319,1347,347,0,0.000,0,0,0,0,
380,person,0.750,154,391,265,458,451,0,0.000,0,0,0,0,
380,person,0.713,152,331,270,398,446,0,0.000,0,0,0,0,
380,car,0.294,182,1430,324,1480,375,0,0.000,0,0,0,0,
380,car,0.347,186,1461,325,1514,379,0,0.000,0,0,0,0,
380,person,0.689,50,713,277,751,385,0,0.000,0,0,0,0,
381,car,0.426,47,1435,323,1509,378,0,0.000,0,0,0,0,
381,car,0.523,70,1383,325,1435,361,0,0.000,0,0,0,0,
381,car,0.444,77,1386,324,1445,369,0,0.000,0,0,0,0,
381,car,0.538,88,1367,323,1398,357,0,0.000,0,0,0,0,
381,car,0.523,89,1345,322,1380,353,0,0.000,0,0,0,0,
381,car,0.344,109,1314,319,1348,346,0,0.000,0,0,0,0,
381,person,0.741,154,393,267,459,449,0,0.000,0,0,0,0,
381,person,0.755,152,337,270,402,441,0,0.000,0,0,0,0,
381,car,0.302,182,1429,324,1480,375,0,0.000,0,0,0,0,
381,car,0.399,186,1461,324,1514,379,0,0.000,0,0,0,0,
381,person,0.494,50,714,279,752,385,0,0.000,0,0,0,0,
382,car,0.438,47,1436,323,1510,377,0,0.000,0,0,0,0,
382,car,0.519,70,1383,325,1435,361,0,0.000,0,0,0,0,
382,car,0.434,77,1386,324,1445,369,0,0.000,0,0,0,0,
382,car,0.532,88,1367,323,1398,357,0,0.000,0,0,0,0,
382,car,0.517,89,1344,322,1381,353,0,0.000,0,0,0,0,
382,person,0.728,154,397,268,461,450,0,0.000,0,0,0,0,
382,person,0.789,152,343,267,408,440,0,0.000,0,0,0,0,
382,car,0.298,182,1429,324,1479,375,0,0.000,0,0,0,0,
382,car,0.427,186,1461,324,1513,378,0,0.000,0,0,0,0,
382,person,0.460,50,715,277,752,383,0,0.000,0,0,0,0,
382,car,0.254,132,1507,313,1567,383,0,0.000,0,0,0,0,
383,car,0.444,47,1437,324,1510,376,0,0.000,0,0,0,0,
383,car,0.518,70,1383,325,1435,361,0,0.000,0,0,0,0,
383,car,0.448,77,1386,324,1445,369,0,0.000,0,0,0,0,
383,car,0.525,88,1367,323,1398,357,0,0.000,0,0,0,0,
383,car,0.500,89,1344,322,1380,353,0,0.000,0,0,0,0,
383,person,0.753,154,398,265,464,451,0,0.000,0,0,0,0,
383,person,0.802,152,347,267,412,440,0,0.000,0,0,0,0,
383,car,0.298,182,1430,324,1479,375,0,0.000,0,0,0,0,
383,car,0.435,186,1461,324,1512,377,0,0.000,0,0,0,0,
383,person,0.571,50,715,276,752,382,0,0.000,0,0,0,0,
384,car,0.453,47,1437,324,1510,377,0,0.000,0,0,0,0,
384,car,0.515,70,1383,325,1435,361,0,0.000,0,0,0,0,
384,car,0.453,77,1387,324,1445,368,0,0.000,0,0,0,0,
384,car,0.559,88,1366,323,1398,357,0,0.000,0,0,0,0,
384,car,0.512,89,1342,321,1378,353,0,0.000,0,0,0,0,
384,person,0.770,154,401,262,467,451,0,0.000,0,0,0,0,
384,person,0.824,152,348,263,415,443,0,0.000,0,0,0,0,
384,car,0.308,182,1429,324,1478,375,0,0.000,0,0,0,0,
384,car,0.451,186,1462,325,1512,377,0,0.000,0,0,0,0,
384,person,0.682,50,716,277,754,382,0,0.000,0,0,0,0,
384,car,0.257,132,1507,313,1567,383,0,0.000,0,0,0,0,
385,car,0.453,47,1436,324,1510,377,0,0.000,0,0,0,0,
385,car,0.526,70,1384,325,1436,361,0,0.000,0,0,0,0,
385,car,0.466,77,1387,324,1445,368,0,0.000,0,0,0,0,
385,car,0.551,88,1366,322,1398,357,0,0.000,0,0,0,0,
385,car,0.495,89,1341,321,1377,353,0,0.000,0,0,0,0,
385,person,0.703,154,406,263,471,448,0,0.000,0,0,0,0,
385,person,0.821,152,350,259,418,445,0,0.000,0,0,0,0,
385,car,0.327,182,1430,324,1479,375,0,0.000,0,0,0,0,
385,car,0.448,186,1462,325,1513,377,0,0.000,0,0,0,0,
385,person,0.660,50,718,276,755,382,0,0.000,0,0,0,0,
385,car,0.265,132,1507,313,1567,383,0,0.000,0,0,0,0,
385,car,0.298,109,1311,318,1347,348,0,0.000,0,0,0,0,
386,car,0.456,47,1435,324,1510,377,0,0.000,0,0,0,0,
386,car,0.522,70,1384,325,1436,361,0,0.000,0,0,0,0,
386,car,0.464,77,1387,324,1445,368,0,0.000,0,0,0,0,
386,car,0.549,88,1366,322,1398,357,0,0.000,0,0,0,0,
386,car,0.489,89,1340,321,1376,353,0,0.000,0,0,0,0,
386,person,0.666,154,412,268,475,448,0,0.000,0,0,0,0,
386,person,0.819,152,354,260,421,445,0,0.000,0,0,0,0,
386,car,0.330,182,1430,324,1479,376,0,0.000,0,0,0,0,
386,car,0.439,186,1462,325,1512,377,0,0.000,0,0,0,0,
386,person,0.454,50,719,278,756,382,0,0.000,0,0,0,0,
386,car,0.260,132,1507,313,1566,383,0,0.000,0,0,0,0,
387,car,0.470,47,1434,324,1510,377,0,0.000,0,0,0,0,
387,car,0.533,70,1384,325,1437,361,0,0.000,0,0,0,0,
387,car,0.477,77,1387,324,1445,368,0,0.000,0,0,0,0,
387,car,0.556,88,1366,322,1398,356,0,0.000,0,0,0,0,
387,car,0.497,89,1340,321,1376,352,0,0.000,0,0,0,0,
387,person,0.690,154,414,263,479,445,0,0.000,0,0,0,0,
387,person,0.839,152,357,262,422,442,0,0.000,0,0,0,0,
387,car,0.329,182,1431,324,1480,376,0,0.000,0,0,0,0,
387,car,0.435,186,1460,325,1511,378,0,0.000,0,0,0,0,
387,person,0.406,50,720,277,757,381,0,0.000,0,0,0,0,
387,car,0.254,132,1507,313,1566,383,0,0.000,0,0,0,0,
387,car,0.267,109,1310,317,1345,348,0,0.000,0,0,0,0,
388,car,0.462,47,1434,324,1511,378,0,0.000,0,0,0,0,
388,car,0.520,70,1384,325,1436,361,0,0.000,0,0,0,0,
388,car,0.462,77,1387,324,1444,367,0,0.000,0,0,0,0,
388,car,0.543,88,1366,322,1398,356,0,0.000,0,0,0,0,
388,car,0.436,89,1341,321,1375,352,0,0.000,0,0,0,0,
388,person,0.660,154,418,263,483,444,0,0.000,0,0,0,0,
388,person,0.830,152,360,264,424,441,0,0.000,0,0,0,0,
388,car,0.319,182,1431,324,1481,376,0,0.000,0,0,0,0,
388,car,0.427,186,1458,325,1510,378,0,0.000,0,0,0,0,
388,person,0.561,50,720,275,758,382,0,0.000,0,0,0,0,
389,car,0.460,47,1433,324,1511,378,0,0.000,0,0,0,0,
389,car,0.527,70,1384,325,1437,361,0,0.000,0,0,0,0,
389,car,0.477,77,1387,324,1445,368,0,0.000,0,0,0,0,
389,car,0.543,88,1365,322,1398,356,0,0.000,0,0,0,0,
389,car,0.459,89,1341,321,1375,352,0,0.000,0,0,0,0,
389,person,0.677,154,421,265,485,444,0,0.000,0,0,0,0,
389,person,0.820,152,364,267,427,440,0,0.000,0,0,0,0,
389,car,0.313,182,1431,324,1481,376,0,0.000,0,0,0,0,
389,car,0.307,186,1460,325,1513,379,0,0.000,0,0,0,0,
389,person,0.523,50,721,272,759,382,0,0.000,0,0,0,0,
389,car,0.267,109,1307,317,1343,348,0,0.000,0,0,0,0,
390,car,0.474,47,1433,324,1512,379,0,0.000,0,0,0,0,
390,car,0.534,70,1384,325,1437,362,0,0.000,0,0,0,0,
390,car,0.475,77,1387,324,1445,368,0,0.000,0,0,0,0,
390,car,0.549,88,1366,322,1398,356,0,0.000,0,0,0,0,
390,car,0.452,89,1340,321,1373,352,0,0.000,0,0,0,0,
390,person,0.654,154,422,265,486,445,0,0.000,0,0,0,0,
390,person,0.826,152,367,268,430,440,0,0.000,0,0,0,0,
390,car,0.319,182,1431,324,1481,376,0,0.000,0,0,0,0,
390,car,0.316,186,1459,324,1513,380,0,0.000,0,0,0,0,
390,person,0.402,50,723,270,760,380,0,0.000,0,0,0,0,
390,car,0.622,194,1847,424,1907,552,0,0.000,0,0,0,0,
391,car,0.491,47,1433,324,1512,379,0,0.000,0,0,0,0,
391,car,0.532,70,1384,325,1437,362,0,0.000,0,0,0,0,
391,car,0.471,77,1386,324,1445,368,0,0.000,0,0,0,0,
391,car,0.536,88,1366,322,1399,357,0,0.000,0,0,0,0,
391,car,0.450,89,1340,321,1373,352,0,0.000,0,0,0,0,
391,person,0.674,154,424,265,487,444,0,0.000,0,0,0,0,
391,person,0.808,152,369,267,433,440,0,0.000,0,0,0,0,
391,car,0.323,182,1431,324,1481,376,0,0.000,0,0,0,0,
391,car,0.327,186,1459,324,1514,381,0,0.000,0,0,0,0,
391,person,0.560,50,724,270,760,379,0,0.000,0,0,0,0,
391,car,0.774,194,1833,414,1897,548,0,0.000,0,0,0,0,
392,car,0.514,47,1433,324,1512,379,0,0.000,0,0,0,0,
392,car,0.530,70,1383,325,1437,362,0,0.000,0,0,0,0,
392,car,0.475,77,1386,324,1446,369,0,0.000,0,0,0,0,
392,car,0.549,88,1366,322,1399,356,0,0.000,0,0,0,0,
392,car,0.474,89,1341,321,1374,352,0,0.000,0,0,0,0,
392,person,0.679,154,426,264,488,443,0,0.000,0,0,0,0,
392,person,0.768,152,372,266,436,441,0,0.000,0,0,0,0,
392,car,0.354,182,1432,324,1482,375,0,0.000,0,0,0,0,
392,car,0.318,186,1459,324,1513,381,0,0.000,0,0,0,0,
392,person,0.611,50,725,270,761,379,0,0.000,0,0,0,0,
392,car,0.786,194,1818,404,1885,540,0,0.000,0,0,0,0,
393,car,0.539,47,1432,324,1512,379,0,0.000,0,0,0,0,
393,car,0.533,70,1383,325,1437,362,0,0.000,0,0,0,0,
393,car,0.482,77,1386,324,1446,369,0,0.000,0,0,0,0,
393,car,0.562,88,1367,323,1399,356,0,0.000,0,0,0,0,
393,car,0.484,89,1343,321,1375,352,0,0.000,0,0,0,0,
393,person,0.687,154,428,264,490,442,0,0.000,0,0,0,0,
393,person,0.802,152,376,266,439,439,0,0.000,0,0,0,0,
393,car,0.340,182,1432,324,1482,375,0,0.000,0,0,0,0,
393,car,0.345,186,1459,324,1513,381,0,0.000,0,0,0,0,
393,person,0.567,50,726,270,761,378,0,0.000,0,0,0,0,
393,car,0.795,194,1799,383,1878,538,0,0.000,0,0,0,0,
393,car,0.290,109,1303,317,1339,348,0,0.000,0,0,0,0,
394,car,0.534,47,1433,324,1513,379,0,0.000,0,0,0,0,
394,car,0.534,70,1383,325,1437,362,0,0.000,0,0,0,0,
394,car,0.482,77,1385,324,1446,369,0,0.000,0,0,0,0,
394,car,0.555,88,1367,323,1399,356,0,0.000,0,0,0,0,
394,car,0.528,89,1343,321,1376,353,0,0.000,0,0,0,0,
394,person,0.739,154,430,261,492,443,0,0.000,0,0,0,0,
394,person,0.774,152,379,264,443,440,0,0.000,0,0,0,0,
394,car,0.345,182,1431,324,1481,375,0,0.000,0,0,0,0,
394,car,0.376,186,1460,325,1514,381,0,0.000,0,0,0,0,
394,person,0.508,50,727,271,762,377,0,0.000,0,0,0,0,
394,car,0.837,194,1779,361,1873,536,0,0.000,0,0,0,0,
395,car,0.537,47,1433,324,1513,379,0,0.000,0,0,0,0,
395,car,0.531,70,1383,325,1437,362,0,0.000,0,0,0,0,
395,car,0.476,77,1385,324,1446,369,0,0.000,0,0,0,0,
395,car,0.561,88,1367,323,1399,356,0,0.000,0,0,0,0,
395,car,0.516,89,1343,321,1376,352,0,0.000,0,0,0,0,
395,person,0.760,154,432,260,494,442,0,0.000,0,0,0,0,
395,person,0.800,152,382,265,445,439,0,0.000,0,0,0,0,
395,car,0.336,182,1431,324,1481,375,0,0.000,0,0,0,0,
395,car,0.395,186,1461,325,1514,381,0,0.000,0,0,0,0,
395,person,0.523,50,729,275,762,375,0,0.000,0,0,0,0,
395,car,0.869,194,1763,348,1868,533,0,0.000,0,0,0,0,
396,car,0.543,47,1432,325,1512,380,0,0.000,0,0,0,0,
396,car,0.534,70,1383,325,1437,362,0,0.000,0,0,0,0,
396,car,0.374,77,1386,325,1447,371,0,0.000,0,0,0,0,
396,car,0.547,88,1368,323,1400,356,0,0.000,0,0,0,0,
396,car,0.477,89,1343,321,1376,352,0,0.000,0,0,0,0,
396,person,0.764,154,434,257,497,445,0,0.000,0,0,0,0,
396,person,0.775,152,384,266,447,439,0,0.000,0,0,0,0,
396,car,0.345,182,1430,324,1480,375,0,0.000,0,0,0,0,
396,car,0.397,186,1459,325,1512,382,0,0.000,0,0,0,0,
396,person,0.584,50,730,278,762,375,0,0.000,0,0,0,0,
396,car,0.906,194,1745,342,1864,542,0,0.000,0,0,0,0,
396,car,0.295,109,1303,317,1338,349,0,0.000,0,0,0,0,
397,car,0.538,47,1431,325,1512,380,0,0.000,0,0,0,0,
397,car,0.536,70,1383,325,1437,362,0,0.000,0,0,0,0,
397,car,0.366,77,1387,325,1447,371,0,0.000,0,0,0,0,
397,car,0.566,88,1368,323,1400,356,0,0.000,0,0,0,0,
397,car,0.503,89,1343,321,1375,351,0,0.000,0,0,0,0,
397,person,0.753,154,438,258,500,443,0,0.000,0,0,0,0,
397,person,0.843,152,386,265,448,439,0,0.000,0,0,0,0,
397,car,0.350,182,1433,325,1484,376,0,0.000,0,0,0,0,
397,person,0.612,50,730,277,763,376,0,0.000,0,0,0,0,
397,car,0.916,194,1729,338,1862,548,0,0.000,0,0,0,0,
397,car,0.334,109,1303,317,1337,348,0,0.000,0,0,0,0,
398,car,0.530,47,1431,325,1512,380,0,0.000,0,0,0,0,
398,car,0.536,70,1384,325,1437,362,0,0.000,0,0,0,0,
398,car,0.349,77,1387,325,1447,372,0,0.000,0,0,0,0,
398,car,0.551,88,1368,323,1400,356,0,0.000,0,0,0,0,
398,car,0.533,89,1343,321,1375,351,0,0.000,0,0,0,0,
398,person,0.692,154,440,260,501,442,0,0.000,0,0,0,0,
398,person,0.819,152,389,266,451,438,0,0.000,0,0,0,0,
398,car,0.345,182,1432,324,1483,375,0,0.000,0,0,0,0,
398,person,0.482,50,731,279,763,376,0,0.000,0,0,0,0,
398,car,0.920,194,1714,336,1857,547,0,0.000,0,0,0,0,
398,car,0.386,109,1303,318,1337,348,0,0.000,0,0,0,0,
398,person,0.464,140,395,264,465,441,0,0.000,0,0,0,0,
398,car,0.346,186,1456,325,1511,382,0,0.000,0,0,0,0,
399,car,0.516,47,1431,325,1512,380,0,0.000,0,0,0,0,
399,car,0.530,70,1384,325,1437,362,0,0.000,0,0,0,0,
399,car,0.363,77,1388,325,1447,372,0,0.000,0,0,0,0,
399,car,0.561,88,1368,323,1400,356,0,0.000,0,0,0,0,
399,car,0.520,89,1343,321,1375,351,0,0.000,0,0,0,0,
399,person,0.687,154,443,267,501,440,0,0.000,0,0,0,0,
399,person,0.797,152,392,267,454,438,0,0.000,0,0,0,0,
399,car,0.341,182,1432,325,1485,376,0,0.000,0,0,0,0,
399,car,0.901,194,1700,334,1852,541,0,0.000,0,0,0,0,
399,car,0.415,109,1303,318,1338,347,0,0.000,0,0,0,0,
399,car,0.336,186,1457,325,1511,382,0,0.000,0,0,0,0,
400,car,0.524,47,1431,325,1513,380,0,0.000,0,0,0,0,
400,car,0.526,70,1384,325,1437,361,0,0.000,0,0,0,0,
400,car,0.466,77,1388,325,1445,370,0,0.000,0,0,0,0,
400,car,0.583,88,1367,322,1400,356,0,0.000,0,0,0,0,
400,car,0.504,89,1343,321,1375,351,0,0.000,0,0,0,0,
400,person,0.666,154,444,266,503,439,0,0.000,0,0,0,0,
400,person,0.771,152,395,268,456,437,0,0.000,0,0,0,0,
400,car,0.319,182,1430,325,1483,376,0,0.000,0,0,0,0,
400,car,0.889,194,1686,332,1847,534,0,0.000,0,0,0,0,
400,car,0.490,109,1303,318,1338,347,0,0.000,0,0,0,0,
400,person,0.382,50,732,278,765,377,0,0.000,0,0,0,0,
401,car,0.533,47,1432,326,1513,380,0,0.000,0,0,0,0,
401,car,0.519,70,1384,325,1438,362,0,0.000,0,0,0,0,
401,car,0.470,77,1388,324,1447,370,0,0.000,0,0,0,0,
401,car,0.580,88,1366,322,1399,356,0,0.000,0,0,0,0,
401,car,0.506,89,1343,321,1375,351,0,0.000,0,0,0,0,
401,person,0.686,154,445,264,504,440,0,0.000,0,0,0,0,
401,person,0.738,152,397,268,458,437,0,0.000,0,0,0,0,
401,car,0.901,194,1676,331,1846,528,0,0.000,0,0,0,0,
401,car,0.482,109,1302,317,1338,347,0,0.000,0,0,0,0,
401,person,0.603,50,733,278,766,378,0,0.000,0,0,0,0,
402,car,0.513,47,1433,326,1513,380,0,0.000,0,0,0,0,
402,car,0.506,70,1384,325,1437,361,0,0.000,0,0,0,0,
402,car,0.435,77,1389,324,1449,370,0,0.000,0,0,0,0,
402,car,0.572,88,1365,322,1399,356,0,0.000,0,0,0,0,
402,car,0.489,89,1343,320,1374,351,0,0.000,0,0,0,0,
402,person,0.689,154,446,266,505,441,0,0.000,0,0,0,0,
402,person,0.709,152,399,270,458,437,0,0.000,0,0,0,0,
402,car,0.892,194,1664,330,1844,523,0,0.000,0,0,0,0,
402,car,0.475,109,1302,317,1338,347,0,0.000,0,0,0,0,
402,person,0.619,50,733,277,767,378,0,0.000,0,0,0,0,
402,car,0.252,182,1427,325,1480,376,0,0.000,0,0,0,0,
403,car,0.535,47,1434,327,1513,380,0,0.000,0,0,0,0,
403,car,0.517,70,1384,325,1437,361,0,0.000,0,0,0,0,
403,car,0.458,77,1389,324,1450,370,0,0.000,0,0,0,0,
403,car,0.573,88,1364,322,1398,356,0,0.000,0,0,0,0,
403,car,0.464,89,1344,320,1374,351,0,0.000,0,0,0,0,
403,person,0.694,154,448,271,507,441,0,0.000,0,0,0,0,
403,person,0.655,152,401,274,460,438,0,0.000,0,0,0,0,
403,car,0.896,194,1649,330,1844,522,0,0.000,0,0,0,0,
403,car,0.489,109,1303,318,1339,347,0,0.000,0,0,0,0,
403,person,0.592,50,733,277,767,378,0,0.000,0,0,0,0,
403,car,0.258,182,1427,325,1480,376,0,0.000,0,0,0,0,
403,car,0.315,132,1507,312,1568,383,0,0.000,0,0,0,0,
404,car,0.554,47,1434,327,1513,380,0,0.000,0,0,0,0,
404,car,0.512,70,1384,325,1438,361,0,0.000,0,0,0,0,
404,car,0.452,77,1389,324,1450,370,0,0.000,0,0,0,0,
404,car,0.577,88,1362,322,1397,356,0,0.000,0,0,0,0,
404,car,0.437,89,1345,320,1376,350,0,0.000,0,0,0,0,
404,person,0.638,154,450,274,508,442,0,0.000,0,0,0,0,
404,person,0.666,152,409,274,468,438,0,0.000,0,0,0,0,
404,car,0.904,194,1638,329,1843,517,0,0.000,0,0,0,0,
404,car,0.468,109,1304,318,1339,346,0,0.000,0,0,0,0,
404,person,0.566,50,733,275,768,377,0,0.000,0,0,0,0,
404,car,0.263,182,1426,325,1479,376,0,0.000,0,0,0,0,
404,car,0.329,132,1507,312,1567,383,0,0.000,0,0,0,0,
405,car,0.579,47,1434,327,1513,381,0,0.000,0,0,0,0,
405,car,0.519,70,1385,325,1439,361,0,0.000,0,0,0,0,
405,car,0.453,77,1390,324,1452,370,0,0.000,0,0,0,0,
405,car,0.590,88,1361,322,1397,356,0,0.000,0,0,0,0,
405,car,0.391,89,1346,320,1376,351,0,0.000,0,0,0,0,
405,person,0.719,154,454,274,512,441,0,0.000,0,0,0,0,
405,person,0.660,152,409,274,468,438,0,0.000,0,0,0,0,
405,car,0.914,194,1628,330,1842,512,0,0.000,0,0,0,0,
405,car,0.496,109,1304,318,1340,347,0,0.000,0,0,0,0,
405,person,0.674,50,734,275,769,377,0,0.000,0,0,0,0,
405,car,0.265,182,1425,325,1479,376,0,0.000,0,0,0,0,
405,car,0.400,132,1507,312,1568,383,0,0.000,0,0,0,0,
406,car,0.551,47,1434,327,1513,380,0,0.000,0,0,0,0,
406,car,0.512,70,1385,325,1440,361,0,0.000,0,0,0,0,
406,car,0.444,77,1390,324,1454,370,0,0.000,0,0,0,0,
406,car,0.579,88,1360,322,1397,356,0,0.000,0,0,0,0,
406,car,0.370,89,1346,320,1376,351,0,0.000,0,0,0,0,
406,person,0.705,154,455,272,513,439,0,0.000,0,0,0,0,
406,person,0.678,152,411,273,471,437,0,0.000,0,0,0,0,
406,car,0.908,194,1615,331,1836,507,0,0.000,0,0,0,0,
406,car,0.498,109,1304,319,1341,348,0,0.000,0,0,0,0,
406,person,0.699,50,735,274,770,377,0,0.000,0,0,0,0,
406,car,0.456,132,1507,312,1568,383,0,0.000,0,0,0,0,
406,car,0.315,201,1506,313,1625,384,0,0.000,0,0,0,0,
406,car,0.434,186,1457,325,1511,381,0,0.000,0,0,0,0,
407,car,0.597,47,1434,327,1514,380,0,0.000,0,0,0,0,
407,car,0.519,70,1384,324,1440,361,0,0.000,0,0,0,0,
407,car,0.448,77,1389,324,1453,370,0,0.000,0,0,0,0,
407,car,0.591,88,1360,322,1398,356,0,0.000,0,0,0,0,
407,car,0.376,89,1346,320,1376,352,0,0.000,0,0,0,0,
407,person,0.683,154,459,268,517,437,0,0.000,0,0,0,0,
407,person,0.690,152,415,274,474,436,0,0.000,0,0,0,0,
407,car,0.912,194,1599,331,1825,501,0,0.000,0,0,0,0,
407,car,0.515,109,1304,319,1343,349,0,0.000,0,0,0,0,
407,person,0.640,50,735,274,771,376,0,0.000,0,0,0,0,
407,car,0.530,132,1508,313,1570,383,0,0.000,0,0,0,0,
407,car,0.469,201,1507,314,1626,385,0,0.000,0,0,0,0,
407,car,0.455,186,1456,325,1512,381,0,0.000,0,0,0,0,
407,person,0.346,140,423,267,497,435,0,0.000,0,0,0,0,
407,car,0.265,182,1426,325,1479,376,0,0.000,0,0,0,0,
408,car,0.588,47,1433,326,1514,380,0,0.000,0,0,0,0,
408,car,0.516,70,1383,324,1439,361,0,0.000,0,0,0,0,
408,car,0.440,77,1388,323,1452,370,0,0.000,0,0,0,0,
408,car,0.575,88,1360,321,1398,356,0,0.000,0,0,0,0,
408,car,0.353,89,1346,320,1376,351,0,0.000,0,0,0,0,
408,person,0.679,154,460,265,518,435,0,0.000,0,0,0,0,
408,person,0.748,152,418,273,476,433,0,0.000,0,0,0,0,
408,car,0.924,194,1577,330,1809,496,0,0.000,0,0,0,0,
408,car,0.540,109,1305,319,1344,348,0,0.000,0,0,0,0,
408,person,0.624,50,736,273,772,376,0,0.000,0,0,0,0,
408,car,0.450,132,1507,313,1570,384,0,0.000,0,0,0,0,
408,car,0.313,201,1506,314,1623,383,0,0.000,0,0,0,0,
408,person,0.333,140,421,268,496,434,0,0.000,0,0,0,0,
408,car,0.347,182,1423,324,1476,376,0,0.000,0,0,0,0,
409,car,0.561,47,1432,325,1514,380,0,0.000,0,0,0,0,
409,car,0.522,70,1383,324,1439,361,0,0.000,0,0,0,0,
409,car,0.433,77,1387,323,1452,370,0,0.000,0,0,0,0,
409,car,0.607,88,1359,321,1398,357,0,0.000,0,0,0,0,
409,car,0.314,89,1347,320,1377,351,0,0.000,0,0,0,0,
409,person,0.639,154,464,267,520,433,0,0.000,0,0,0,0,
409,person,0.728,152,422,272,482,432,0,0.000,0,0,0,0,
409,car,0.928,194,1560,331,1793,491,0,0.000,0,0,0,0,
409,car,0.549,109,1304,319,1343,348,0,0.000,0,0,0,0,
409,person,0.595,50,737,273,772,376,0,0.000,0,0,0,0,
409,car,0.381,132,1505,313,1570,384,0,0.000,0,0,0,0,
409,car,0.261,201,1499,313,1618,384,0,0.000,0,0,0,0,
409,car,0.368,182,1421,324,1474,376,0,0.000,0,0,0,0,
410,car,0.555,47,1432,325,1513,380,0,0.000,0,0,0,0,
410,car,0.514,70,1383,324,1439,362,0,0.000,0,0,0,0,
410,car,0.437,77,1387,323,1452,371,0,0.000,0,0,0,0,
410,car,0.558,88,1360,321,1399,357,0,0.000,0,0,0,0,
410,car,0.293,89,1346,320,1375,351,0,0.000,0,0,0,0,
410,person,0.710,154,465,268,521,434,0,0.000,0,0,0,0,
410,person,0.747,152,422,272,481,431,0,0.000,0,0,0,0,
410,car,0.911,194,1543,330,1778,486,0,0.000,0,0,0,0,
410,car,0.507,109,1304,319,1343,347,0,0.000,0,0,0,0,
410,person,0.617,50,738,274,773,375,0,0.000,0,0,0,0,
410,car,0.361,132,1505,313,1570,383,0,0.000,0,0,0,0,
410,car,0.368,182,1421,324,1474,376,0,0.000,0,0,0,0,
410,car,0.437,186,1458,324,1513,381,0,0.000,0,0,0,0,
411,car,0.477,47,1432,325,1513,380,0,0.000,0,0,0,0,
411,car,0.510,70,1383,324,1438,361,0,0.000,0,0,0,0,
411,car,0.429,77,1386,323,1452,371,0,0.000,0,0,0,0,
411,car,0.587,88,1361,321,1399,357,0,0.000,0,0,0,0,
411,person,0.710,154,466,267,524,435,0,0.000,0,0,0,0,
411,person,0.660,152,423,271,481,430,0,0.000,0,0,0,0,
411,car,0.878,194,1526,328,1766,483,1,0.300,1661,456,1734,476,
411,car,0.518,109,1304,319,1343,347,0,0.000,0,0,0,0,
411,person,0.530,50,739,276,774,375,0,0.000,0,0,0,0,
411,car,0.347,182,1421,324,1474,377,0,0.000,0,0,0,0,
411,car,0.366,186,1460,325,1515,380,0,0.000,0,0,0,0,
412,car,0.456,47,1433,326,1513,380,0,0.000,0,0,0,0,
412,car,0.502,70,1383,324,1437,361,0,0.000,0,0,0,0,
412,car,0.410,77,1387,323,1452,371,0,0.000,0,0,0,0,
412,car,0.575,88,1361,321,1399,356,0,0.000,0,0,0,0,
412,person,0.690,154,469,269,525,435,0,0.000,0,0,0,0,
412,person,0.723,152,426,270,484,430,0,0.000,0,0,0,0,
412,car,0.864,194,1512,328,1750,479,1,0.300,1646,452,1717,473,
412,car,0.520,109,1304,319,1343,347,0,0.000,0,0,0,0,
412,person,0.682,50,740,276,775,375,0,0.000,0,0,0,0,
412,car,0.356,182,1423,324,1476,377,0,0.000,0,0,0,0,
412,car,0.350,186,1460,327,1513,380,0,0.000,0,0,0,0,
413,car,0.423,47,1431,326,1514,381,0,0.000,0,0,0,0,
413,car,0.477,70,1383,324,1437,361,0,0.000,0,0,0,0,
413,car,0.363,77,1388,323,1454,371,0,0.000,0,0,0,0,
413,car,0.568,88,1361,322,1399,357,0,0.000,0,0,0,0,
413,person,0.711,154,472,269,528,436,0,0.000,0,0,0,0,
413,person,0.816,152,429,268,487,431,0,0.000,0,0,0,0,
413,car,0.878,194,1500,329,1735,475,1,0.300,1646,452,1717,473,
413,car,0.498,109,1303,319,1343,347,0,0.000,0,0,0,0,
413,person,0.705,50,740,277,775,375,0,0.000,0,0,0,0,
413,car,0.374,182,1425,324,1478,378,0,0.000,0,0,0,0,
413,car,0.331,186,1463,327,1516,380,0,0.000,0,0,0,0,
414,car,0.455,47,1426,326,1507,381,0,0.000,0,0,0,0,
414,car,0.473,70,1383,324,1437,361,0,0.000,0,0,0,0,
414,car,0.341,77,1388,323,1455,371,0,0.000,0,0,0,0,
414,car,0.565,88,1362,322,1400,357,0,0.000,0,0,0,0,
414,person,0.725,154,474,270,530,436,0,0.000,0,0,0,0,
414,person,0.813,152,431,268,489,432,0,0.000,0,0,0,0,
414,car,0.873,194,1490,330,1721,471,1,0.300,1621,446,1688,466,
414,car,0.516,109,1302,319,1343,347,0,0.000,0,0,0,0,
414,person,0.614,50,741,278,776,376,0,0.000,0,0,0,0,
414,car,0.290,186,1459,328,1513,381,0,0.000,0,0,0,0,
415,car,0.338,47,1430,326,1512,382,0,0.000,0,0,0,0,
415,car,0.502,70,1383,324,1437,361,0,0.000,0,0,0,0,
415,car,0.353,77,1387,324,1453,371,0,0.000,0,0,0,0,
415,car,0.546,88,1364,322,1401,357,0,0.000,0,0,0,0,
415,person,0.492,154,477,269,531,433,0,0.000,0,0,0,0,
415,person,0.760,152,433,268,489,432,0,0.000,0,0,0,0,
415,car,0.855,194,1478,327,1711,468,1,0.300,1621,446,1688,466,
415,car,0.516,109,1302,319,1343,348,0,0.000,0,0,0,0,
415,person,0.672,50,742,280,776,376,0,0.000,0,0,0,0,
415,car,0.254,186,1458,328,1513,381,0,0.000,0,0,0,0,
415,car,0.482,182,1430,325,1487,381,0,0.000,0,0,0,0,
416,car,0.407,47,1428,325,1511,381,0,0.000,0,0,0,0,
416,car,0.506,70,1383,324,1436,361,0,0.000,0,0,0,0,
416,car,0.348,77,1387,324,1453,371,0,0.000,0,0,0,0,
416,car,0.520,88,1365,322,1402,357,0,0.000,0,0,0,0,
416,person,0.555,154,480,268,533,431,0,0.000,0,0,0,0,
416,person,0.765,152,435,268,492,433,0,0.000,0,0,0,0,
416,car,0.873,194,1468,327,1698,465,1,0.300,1621,446,1688,466,
416,car,0.517,109,1302,318,1344,347,0,0.000,0,0,0,0,
416,person,0.365,50,743,280,776,375,0,0.000,0,0,0,0,
416,car,0.349,212,1399,325,1470,375,0,0.000,0,0,0,0,
416,car,0.548,182,1428,325,1485,382,0,0.000,0,0,0,0,
417,car,0.336,47,1428,325,1513,382,0,0.000,0,0,0,0,
417,car,0.500,70,1383,324,1437,362,0,0.000,0,0,0,0,
417,car,0.356,77,1388,324,1453,371,0,0.000,0,0,0,0,
417,car,0.460,88,1366,322,1401,356,0,0.000,0,0,0,0,
417,person,0.582,154,483,270,536,431,0,0.000,0,0,0,0,
417,person,0.759,152,439,269,494,433,0,0.000,0,0,0,0,
417,car,0.874,194,1460,326,1685,461,1,0.300,1621,446,1688,466,
417,car,0.490,109,1302,318,1344,347,0,0.000,0,0,0,0,
417,person,0.412,50,744,280,778,375,0,0.000,0,0,0,0,
417,car,0.335,212,1400,325,1470,374,0,0.000,0,0,0,0,
417,car,0.477,182,1428,326,1485,381,0,0.000,0,0,0,0,
418,car,0.477,47,1431,325,1515,381,0,0.000,0,0,0,0,
418,car,0.511,70,1383,324,1438,362,0,0.000,0,0,0,0,
418,car,0.389,77,1388,324,1455,372,0,0.000,0,0,0,0,
418,car,0.407,88,1367,322,1401,356,0,0.000,0,0,0,0,
418,person,0.566,154,485,272,537,431,0,0.000,0,0,0,0,
418,person,0.733,152,441,271,495,433,0,0.000,0,0,0,0,
418,car,0.874,194,1452,326,1674,458,1,0.300,1621,446,1688,466,
418,car,0.506,109,1302,319,1344,348,0,0.000,0,0,0,0,
418,person,0.310,50,745,281,778,375,0,0.000,0,0,0,0,
418,car,0.289,182,1428,325,1485,379,0,0.000,0,0,0,0,
419,car,0.528,70,1382,324,1438,363,0,0.000,0,0,0,0,
419,car,0.409,77,1388,324,1456,372,0,0.000,0,0,0,0,
419,car,0.363,88,1368,322,1402,356,0,0.000,0,0,0,0,
419,person,0.626,154,487,273,539,432,0,0.000,0,0,0,0,
419,person,0.738,152,442,273,495,434,0,0.000,0,0,0,0,
419,car,0.884,194,1444,326,1663,455,1,0.300,1621,446,1688,466,
419,car,0.484,109,1302,319,1344,347,0,0.000,0,0,0,0,
419,car,0.384,182,1424,325,1481,378,0,0.000,0,0,0,0,
419,person,0.481,219,1715,314,1874,472,0,0.000,0,0,0,0,
419,car,0.412,212,1401,326,1470,374,0,0.000,0,0,0,0,
420,car,0.554,70,1382,324,1438,363,0,0.000,0,0,0,0,
420,car,0.416,77,1388,324,1455,371,0,0.000,0,0,0,0,
420,car,0.351,88,1370,322,1403,356,0,0.000,0,0,0,0,
420,person,0.581,154,489,272,540,431,0,0.000,0,0,0,0,
420,person,0.707,152,445,274,498,434,0,0.000,0,0,0,0,
420,car,0.874,194,1436,327,1650,452,1,0.300,1621,446,1688,466,
420,car,0.498,109,1302,319,1345,348,0,0.000,0,0,0,0,
420,person,0.403,219,1694,315,1843,464,0,0.000,0,0,0,0,
420,car,0.310,212,1411,325,1481,374,0,0.000,0,0,0,0,
421,car,0.554,70,1380,324,1435,362,0,0.000,0,0,0,0,
421,car,0.354,77,1388,324,1453,369,0,0.000,0,0,0,0,
421,car,0.352,88,1370,322,1403,356,0,0.000,0,0,0,0,
421,person,0.652,154,492,271,543,431,0,0.000,0,0,0,0,
421,person,0.760,152,448,276,500,433,0,0.000,0,0,0,0,
421,car,0.876,194,1430,326,1640,449,1,0.300,1621,446,1688,466,
421,car,0.521,109,1302,319,1345,348,0,0.000,0,0,0,0,
421,person,0.459,219,1671,315,1816,461,0,0.000,0,0,0,0,
421,car,0.312,182,1430,326,1486,375,0,0.000,0,0,0,0,
422,car,0.549,70,1382,325,1436,362,0,0.000,0,0,0,0,
422,car,0.350,77,1388,324,1453,368,0,0.000,0,0,0,0,
422,car,0.315,88,1371,322,1404,356,0,0.000,0,0,0,0,
422,person,0.633,154,495,276,545,431,0,0.000,0,0,0,0,
422,person,0.729,152,452,276,502,430,0,0.000,0,0,0,0,
422,car,0.876,194,1423,325,1630,447,1,0.300,1621,446,1688,466,
422,car,0.521,109,1302,319,1346,349,0,0.000,0,0,0,0,
422,person,0.438,219,1647,315,1787,457,0,0.000,0,0,0,0,
423,car,0.548,70,1382,325,1436,362,0,0.000,0,0,0,0,
423,car,0.345,77,1389,324,1452,365,0,0.000,0,0,0,0,
423,car,0.373,88,1371,322,1404,356,0,0.000,0,0,0,0,
423,person,0.617,154,498,275,547,429,0,0.000,0,0,0,0,
423,person,0.694,152,455,274,505,428,0,0.000,0,0,0,0,
423,car,0.872,194,1417,325,1620,443,1,0.300,1621,446,1688,466,
423,car,0.535,109,1302,319,1346,349,0,0.000,0,0,0,0,
423,person,0.501,219,1625,317,1767,462,0,0.000,0,0,0,0,
424,car,0.524,70,1383,326,1438,362,0,0.000,0,0,0,0,
424,car,0.357,77,1389,324,1452,364,0,0.000,0,0,0,0,
424,car,0.353,88,1371,323,1404,357,0,0.000,0,0,0,0,
424,person,0.667,154,499,275,548,429,0,0.000,0,0,0,0,
424,person,0.748,152,457,271,508,429,0,0.000,0,0,0,0,
424,car,0.876,194,1413,325,1610,441,1,0.300,1621,446,1688,466,
424,car,0.525,109,1302,319,1346,349,0,0.000,0,0,0,0,
424,person,0.436,219,1601,317,1742,463,0,0.000,0,0,0,0,
425,car,0.448,77,1386,325,1447,362,0,0.000,0,0,0,0,
425,car,0.398,88,1372,323,1404,357,0,0.000,0,0,0,0,
425,person,0.689,154,500,275,549,428,0,0.000,0,0,0,0,
425,person,0.812,152,458,269,509,428,0,0.000,0,0,0,0,
425,car,0.858,194,1410,327,1598,437,1,0.300,1621,446,1688,466,
425,car,0.550,109,1302,319,1346,349,0,0.000,0,0,0,0,
425,car,0.346,89,1342,321,1369,351,0,0.000,0,0,0,0,
425,person,0.293,50,753,287,784,375,0,0.000,0,0,0,0,
426,car,0.436,77,1385,325,1447,361,0,0.000,0,0,0,0,
426,car,0.363,88,1371,323,1403,357,0,0.000,0,0,0,0,
426,person,0.624,154,502,272,551,427,0,0.000,0,0,0,0,
426,person,0.776,152,459,267,511,427,0,0.000,0,0,0,0,
426,car,0.835,194,1404,328,1589,435,1,0.300,1621,446,1688,466,
426,car,0.538,109,1302,319,1347,349,0,0.000,0,0,0,0,
426,car,0.283,89,1341,320,1368,351,0,0.000,0,0,0,0,
426,person,0.311,50,754,288,785,375,0,0.000,0,0,0,0,
426,person,0.449,219,1565,316,1704,463,0,0.000,0,0,0,0,
427,car,0.468,77,1388,325,1453,361,0,0.000,0,0,0,0,
427,car,0.367,88,1371,323,1403,357,0,0.000,0,0,0,0,
427,person,0.537,154,505,272,553,423,0,0.000,0,0,0,0,
427,person,0.760,152,460,265,512,426,0,0.000,0,0,0,0,
427,car,0.823,194,1403,330,1580,433,1,0.300,1621,446,1688,466,
427,car,0.539,109,1302,319,1347,350,0,0.000,0,0,0,0,
427,car,0.304,89,1341,320,1368,352,0,0.000,0,0,0,0,
427,person,0.282,50,754,288,785,375,0,0.000,0,0,0,0,
427,person,0.458,219,1547,312,1686,463,0,0.000,0,0,0,0,
428,car,0.375,77,1387,324,1457,362,0,0.000,0,0,0,0,
428,car,0.430,88,1370,323,1402,357,0,0.000,0,0,0,0,
428,person,0.618,154,505,275,554,425,0,0.000,0,0,0,0,
428,person,0.705,152,462,262,516,427,0,0.000,0,0,0,0,
428,car,0.821,194,1400,332,1570,429,0,0.000,0,0,0,0,
428,car,0.533,109,1302,319,1347,349,0,0.000,0,0,0,0,
428,car,0.327,89,1343,320,1369,351,0,0.000,0,0,0,0,
428,person,0.323,50,754,289,786,374,0,0.000,0,0,0,0,
429,car,0.385,88,1370,323,1402,357,0,0.000,0,0,0,0,
429,person,0.534,154,505,271,555,427,0,0.000,0,0,0,0,
429,person,0.718,152,464,263,517,428,0,0.000,0,0,0,0,
429,car,0.722,194,1394,328,1567,427,0,0.000,0,0,0,0,
429,car,0.554,109,1302,319,1346,349,0,0.000,0,0,0,0,
429,car,0.324,89,1343,320,1368,351,0,0.000,0,0,0,0,
429,person,0.254,50,755,289,786,374,0,0.000,0,0,0,0,
429,car,0.303,70,1382,325,1437,359,0,0.000,0,0,0,0,
430,car,0.461,88,1369,323,1402,357,0,0.000,0,0,0,0,
430,person,0.562,154,506,271,557,426,0,0.000,0,0,0,0,
430,person,0.729,152,466,265,519,427,0,0.000,0,0,0,0,
430,car,0.794,194,1387,325,1558,423,0,0.000,0,0,0,0,
430,car,0.543,109,1302,319,1345,349,0,0.000,0,0,0,0,
430,car,0.339,89,1343,320,1368,351,0,0.000,0,0,0,0,
430,car,0.342,70,1379,325,1434,359,0,0.000,0,0,0,0,
430,person,0.547,219,1515,313,1634,444,0,0.000,0,0,0,0,
431,car,0.453,88,1369,323,1401,357,0,0.000,0,0,0,0,
431,person,0.646,154,507,271,557,428,0,0.000,0,0,0,0,
431,person,0.712,152,468,267,519,427,0,0.000,0,0,0,0,
431,car,0.787,194,1379,324,1549,422,0,0.000,0,0,0,0,
431,car,0.558,109,1302,319,1345,348,0,0.000,0,0,0,0,
431,car,0.363,89,1344,321,1368,350,0,0.000,0,0,0,0,
431,car,0.364,70,1378,325,1435,359,0,0.000,0,0,0,0,
431,person,0.489,219,1505,315,1619,444,0,0.000,0,0,0,0,
432,car,0.288,88,1370,323,1402,356,0,0.000,0,0,0,0,
432,person,0.700,154,508,271,559,429,0,0.000,0,0,0,0,
432,person,0.712,152,471,269,522,428,0,0.000,0,0,0,0,
432,car,0.756,194,1375,324,1540,420,0,0.000,0,0,0,0,
432,car,0.538,109,1301,319,1344,348,0,0.000,0,0,0,0,
432,car,0.392,89,1344,320,1368,350,0,0.000,0,0,0,0,
432,car,0.280,70,1377,325,1433,358,0,0.000,0,0,0,0,
432,person,0.435,219,1493,315,1608,447,0,0.000,0,0,0,0,
432,person,0.426,140,488,269,558,431,0,0.000,0,0,0,0,
433,car,0.270,88,1371,324,1402,356,0,0.000,0,0,0,0,
433,person,0.723,154,510,270,562,430,0,0.000,0,0,0,0,
433,person,0.742,152,474,270,523,427,0,0.000,0,0,0,0,
433,car,0.788,194,1369,322,1530,417,0,0.000,0,0,0,0,
433,car,0.555,109,1301,318,1344,347,0,0.000,0,0,0,0,
433,car,0.457,89,1344,321,1369,349,0,0.000,0,0,0,0,
433,person,0.526,219,1484,314,1594,445,0,0.000,0,0,0,0,
433,person,0.304,140,491,270,557,430,0,0.000,0,0,0,0,
434,person,0.686,154,513,276,562,429,0,0.000,0,0,0,0,
434,person,0.674,152,476,271,525,427,0,0.000,0,0,0,0,
434,car,0.775,194,1365,321,1522,414,0,0.000,0,0,0,0,
434,car,0.543,109,1301,318,1344,347,0,0.000,0,0,0,0,
434,car,0.469,89,1345,321,1370,349,0,0.000,0,0,0,0,
434,person,0.588,219,1476,312,1585,445,0,0.000,0,0,0,0,
435,person,0.598,154,516,274,566,428,0,0.000,0,0,0,0,
435,person,0.656,152,480,271,529,427,0,0.000,0,0,0,0,
435,car,0.828,194,1362,320,1516,413,0,0.000,0,0,0,0,
435,car,0.555,109,1301,318,1344,348,0,0.000,0,0,0,0,
435,car,0.443,89,1344,321,1369,350,0,0.000,0,0,0,0,
435,person,0.503,219,1467,311,1575,445,0,0.000,0,0,0,0,
436,person,0.595,154,518,274,569,428,0,0.000,0,0,0,0,
436,person,0.592,152,481,272,531,427,0,0.000,0,0,0,0,
436,car,0.834,194,1358,320,1509,412,0,0.000,0,0,0,0,
436,car,0.548,109,1301,319,1344,348,0,0.000,0,0,0,0,
436,car,0.471,89,1343,321,1370,351,0,0.000,0,0,0,0,
437,person,0.746,154,523,275,572,427,0,0.000,0,0,0,0,
437,person,0.648,152,482,272,531,426,0,0.000,0,0,0,0,
437,car,0.804,194,1357,321,1505,412,0,0.000,0,0,0,0,
437,car,0.558,109,1301,319,1344,348,0,0.000,0,0,0,0,
437,car,0.506,89,1344,322,1370,351,0,0.000,0,0,0,0,
438,person,0.748,154,524,274,574,427,0,0.000,0,0,0,0,
438,person,0.697,152,483,272,532,427,0,0.000,0,0,0,0,
438,car,0.774,194,1354,321,1497,411,0,0.000,0,0,0,0,
438,car,0.548,109,1301,319,1344,349,0,0.000,0,0,0,0,
438,car,0.473,89,1345,322,1372,352,0,0.000,0,0,0,0,
439,person,0.641,154,525,273,575,427,0,0.000,0,0,0,0,
439,person,0.654,152,485,272,535,425,0,0.000,0,0,0,0,
439,car,0.793,194,1350,322,1488,410,0,0.000,0,0,0,0,
439,car,0.539,109,1301,319,1344,349,0,0.000,0,0,0,0,
439,car,0.415,89,1346,322,1373,351,0,0.000,0,0,0,0,
440,person,0.582,154,527,272,577,426,0,0.000,0,0,0,0,
440,person,0.733,152,489,273,537,425,0,0.000,0,0,0,0,
440,car,0.738,194,1349,323,1481,408,0,0.000,0,0,0,0,
440,car,0.532,109,1300,319,1344,350,0,0.000,0,0,0,0,
440,car,0.366,89,1347,323,1373,349,0,0.000,0,0,0,0,
440,person,0.401,50,764,285,798,375,0,0.000,0,0,0,0,
441,person,0.533,154,529,270,580,425,0,0.000,0,0,0,0,
441,person,0.738,152,492,275,539,424,0,0.000,0,0,0,0,
441,car,0.500,194,1349,323,1477,407,0,0.000,0,0,0,0,
441,car,0.516,109,1300,319,1345,350,0,0.000,0,0,0,0,
441,car,0.335,89,1348,323,1374,348,0,0.000,0,0,0,0,
441,person,0.402,50,765,284,799,374,0,0.000,0,0,0,0,
442,person,0.500,154,533,268,584,425,0,0.000,0,0,0,0,
442,person,0.694,152,495,275,541,423,0,0.000,0,0,0,0,
442,car,0.487,194,1349,323,1472,405,0,0.000,0,0,0,0,
442,car,0.539,109,1300,319,1344,350,0,0.000,0,0,0,0,
442,car,0.345,89,1349,323,1377,348,0,0.000,0,0,0,0,
442,person,0.326,50,767,285,800,373,0,0.000,0,0,0,0,
442,car,0.404,215,1385,323,1479,409,0,0.000,0,0,0,0,
443,person,0.623,154,538,271,586,422,0,0.000,0,0,0,0,
443,person,0.811,152,498,276,543,422,0,0.000,0,0,0,0,
443,car,0.554,194,1346,324,1464,403,0,0.000,0,0,0,0,
443,car,0.542,109,1300,319,1345,350,0,0.000,0,0,0,0,
443,car,0.330,256,980,308,1043,345,0,0.000,0,0,0,0,
444,person,0.577,154,541,275,587,421,0,0.000,0,0,0,0,
444,person,0.820,152,500,276,545,421,0,0.000,0,0,0,0,
444,car,0.448,194,1350,324,1471,406,0,0.000,0,0,0,0,
444,car,0.578,109,1301,319,1345,351,0,0.000,0,0,0,0,
444,car,0.287,256,981,309,1042,344,0,0.000,0,0,0,0,
444,car,0.376,258,1345,323,1402,399,0,0.000,0,0,0,0,
444,car,0.456,186,1466,325,1518,380,0,0.000,0,0,0,0,
444,person,0.356,50,770,286,802,372,0,0.000,0,0,0,0,
444,car,0.567,215,1356,323,1443,401,0,0.000,0,0,0,0,
445,person,0.565,154,542,277,589,424,0,0.000,0,0,0,0,
445,person,0.802,152,503,274,548,420,0,0.000,0,0,0,0,
445,car,0.545,194,1350,324,1476,410,0,0.000,0,0,0,0,
445,car,0.574,109,1301,319,1346,352,0,0.000,0,0,0,0,
445,car,0.363,256,981,308,1043,345,0,0.000,0,0,0,0,
445,car,0.298,258,1342,325,1395,395,0,0.000,0,0,0,0,
445,car,0.399,186,1465,324,1516,380,0,0.000,0,0,0,0,
445,person,0.305,50,771,285,804,373,0,0.000,0,0,0,0,
445,car,0.379,215,1342,323,1425,398,0,0.000,0,0,0,0,
446,person,0.490,154,545,279,590,423,0,0.000,0,0,0,0,
446,person,0.735,152,505,275,551,423,0,0.000,0,0,0,0,
446,car,0.423,194,1349,325,1466,404,0,0.000,0,0,0,0,
446,car,0.572,109,1301,319,1346,352,0,0.000,0,0,0,0,
446,car,0.366,256,981,309,1042,345,0,0.000,0,0,0,0,
446,car,0.254,258,1341,325,1391,393,0,0.000,0,0,0,0,
446,car,0.438,186,1464,324,1515,381,0,0.000,0,0,0,0,
446,person,0.282,50,772,284,805,372,0,0.000,0,0,0,0,
446,car,0.453,262,1352,328,1443,401,0,0.000,0,0,0,0,
447,person,0.563,154,544,276,592,424,0,0.000,0,0,0,0,
447,person,0.709,152,506,275,552,423,0,0.000,0,0,0,0,
447,car,0.412,194,1350,323,1474,409,0,0.000,0,0,0,0,
447,car,0.569,109,1302,319,1345,351,0,0.000,0,0,0,0,
447,car,0.278,256,981,309,1042,345,0,0.000,0,0,0,0,
447,car,0.284,258,1345,326,1395,392,0,0.000,0,0,0,0,
447,car,0.418,186,1461,323,1513,381,0,0.000,0,0,0,0,
447,car,0.557,262,1349,327,1440,400,0,0.000,0,0,0,0,
448,person,0.725,154,546,274,594,423,0,0.000,0,0,0,0,
448,person,0.776,152,508,274,555,424,0,0.000,0,0,0,0,
448,car,0.455,194,1351,322,1477,411,0,0.000,0,0,0,0,
448,car,0.587,109,1302,319,1345,351,0,0.000,0,0,0,0,
448,car,0.356,256,981,308,1043,345,0,0.000,0,0,0,0,
448,car,0.452,186,1461,324,1513,381,0,0.000,0,0,0,0,
448,car,0.546,262,1352,324,1449,400,0,0.000,0,0,0,0,
449,person,0.626,154,548,272,596,423,0,0.000,0,0,0,0,
449,person,0.824,152,509,273,557,425,0,0.000,0,0,0,0,
449,car,0.577,109,1301,319,1345,352,0,0.000,0,0,0,0,
449,car,0.362,256,981,307,1045,345,0,0.000,0,0,0,0,
449,car,0.344,186,1461,325,1512,381,0,0.000,0,0,0,0,
449,car,0.547,262,1345,323,1438,397,0,0.000,0,0,0,0,
449,car,0.322,258,1337,323,1388,391,0,0.000,0,0,0,0,
450,person,0.742,154,550,271,598,422,0,0.000,0,0,0,0,
450,person,0.806,152,511,274,559,424,0,0.000,0,0,0,0,
450,car,0.601,109,1300,319,1345,352,0,0.000,0,0,0,0,
450,car,0.374,256,981,307,1045,345,0,0.000,0,0,0,0,
450,car,0.452,186,1459,325,1511,381,0,0.000,0,0,0,0,
450,car,0.657,194,1340,323,1458,406,0,0.000,0,0,0,0,
451,person,0.642,154,552,271,600,424,0,0.000,0,0,0,0,
451,person,0.719,152,513,275,560,423,0,0.000,0,0,0,0,
451,car,0.502,109,1300,320,1344,352,0,0.000,0,0,0,0,
451,car,0.378,256,981,308,1045,345,0,0.000,0,0,0,0,
451,car,0.494,186,1457,325,1510,382,0,0.000,0,0,0,0,
451,car,0.406,194,1337,323,1451,405,0,0.000,0,0,0,0,
451,car,0.544,262,1335,323,1424,394,0,0.000,0,0,0,0,
452,person,0.565,154,553,270,602,426,0,0.000,0,0,0,0,
452,person,0.632,152,516,277,563,423,0,0.000,0,0,0,0,
452,car,0.500,109,1301,320,1344,352,0,0.000,0,0,0,0,
452,car,0.291,256,982,308,1046,345,0,0.000,0,0,0,0,
452,car,0.478,186,1458,325,1511,382,0,0.000,0,0,0,0,
452,car,0.409,194,1334,323,1449,406,0,0.000,0,0,0,0,
452,car,0.509,262,1331,323,1421,395,0,0.000,0,0,0,0,
453,person,0.549,154,556,273,604,424,0,0.000,0,0,0,0,
453,person,0.669,152,518,276,564,422,0,0.000,0,0,0,0,
453,car,0.472,109,1300,320,1345,353,0,0.000,0,0,0,0,
453,car,0.330,256,981,307,1047,345,0,0.000,0,0,0,0,
453,car,0.513,186,1454,325,1509,382,0,0.000,0,0,0,0,
453,car,0.633,194,1333,322,1443,401,0,0.000,0,0,0,0,
453,car,0.509,262,1331,324,1417,393,0,0.000,0,0,0,0,
453,car,0.446,182,1432,325,1488,375,0,0.000,0,0,0,0,
453,person,0.270,140,538,274,602,423,0,0.000,0,0,0,0,
454,person,0.560,154,557,274,604,422,0,0.000,0,0,0,0,
454,person,0.491,152,520,275,568,421,0,0.000,0,0,0,0,
454,car,0.484,109,1300,320,1345,353,0,0.000,0,0,0,0,
454,car,0.292,256,982,307,1047,345,0,0.000,0,0,0,0,
454,car,0.545,186,1451,325,1508,382,0,0.000,0,0,0,0,
454,car,0.363,194,1333,323,1433,395,0,0.000,0,0,0,0,
454,car,0.535,262,1329,324,1410,390,0,0.000,0,0,0,0,
454,car,0.452,182,1432,325,1486,375,0,0.000,0,0,0,0,
455,person,0.622,154,558,274,606,422,0,0.000,0,0,0,0,
455,person,0.527,152,522,275,568,415,0,0.000,0,0,0,0,
455,car,0.457,109,1301,320,1344,352,0,0.000,0,0,0,0,
455,car,0.547,186,1451,325,1508,382,0,0.000,0,0,0,0,
455,car,0.473,194,1328,322,1428,395,0,0.000,0,0,0,0,
455,car,0.511,262,1327,324,1406,390,0,0.000,0,0,0,0,
455,car,0.393,182,1434,324,1489,376,0,0.000,0,0,0,0,
455,person,0.450,140,529,271,594,421,0,0.000,0,0,0,0,
456,person,0.659,154,558,273,606,422,0,0.000,0,0,0,0,
456,person,0.432,152,526,276,568,403,0,0.000,0,0,0,0,
456,car,0.501,109,1302,320,1344,351,0,0.000,0,0,0,0,
456,car,0.507,186,1453,325,1511,382,0,0.000,0,0,0,0,
456,car,0.561,262,1325,324,1403,389,0,0.000,0,0,0,0,
456,car,0.405,182,1430,324,1481,373,0,0.000,0,0,0,0,
456,car,0.367,281,1382,324,1435,402,0,0.000,0,0,0,0,
456,person,0.397,140,530,272,596,419,0,0.000,0,0,0,0,
456,car,0.304,256,983,306,1049,345,0,0.000,0,0,0,0,
457,person,0.671,154,558,270,607,421,0,0.000,0,0,0,0,
457,person,0.271,152,528,275,570,401,0,0.000,0,0,0,0,
457,car,0.359,109,1305,320,1341,348,0,0.000,0,0,0,0,
457,car,0.490,186,1454,324,1513,382,0,0.000,0,0,0,0,
457,car,0.503,262,1325,323,1402,389,0,0.000,0,0,0,0,
457,car,0.401,182,1424,324,1476,375,0,0.000,0,0,0,0,
457,car,0.296,281,1377,323,1430,402,0,0.000,0,0,0,0,
457,person,0.367,140,534,271,601,419,0,0.000,0,0,0,0,
457,car,0.287,256,983,305,1045,342,0,0.000,0,0,0,0,
457,car,0.525,194,1326,321,1430,397,0,0.000,0,0,0,0,
458,person,0.695,154,557,271,607,422,0,0.000,0,0,0,0,
458,car,0.366,109,1303,320,1342,350,0,0.000,0,0,0,0,
458,car,0.492,186,1454,324,1513,382,0,0.000,0,0,0,0,
458,car,0.486,262,1324,323,1400,388,0,0.000,0,0,0,0,
458,car,0.406,182,1425,324,1479,377,0,0.000,0,0,0,0,
458,car,0.289,281,1371,323,1423,400,0,0.000,0,0,0,0,
458,person,0.332,140,530,270,597,419,0,0.000,0,0,0,0,
458,car,0.370,256,987,306,1050,343,0,0.000,0,0,0,0,
458,car,0.400,283,1429,323,1513,382,0,0.000,0,0,0,0,
458,car,0.540,194,1324,321,1429,398,0,0.000,0,0,0,0,
459,person,0.599,154,557,273,607,422,0,0.000,0,0,0,0,
459,car,0.362,109,1300,320,1344,353,0,0.000,0,0,0,0,
459,car,0.493,186,1454,325,1513,383,0,0.000,0,0,0,0,
459,car,0.553,262,1325,323,1399,387,0,0.000,0,0,0,0,
459,car,0.365,182,1424,325,1479,378,0,0.000,0,0,0,0,
459,car,0.370,281,1374,324,1424,398,0,0.000,0,0,0,0,
459,person,0.382,140,529,270,595,419,0,0.000,0,0,0,0,
459,car,0.333,256,987,306,1049,343,0,0.000,0,0,0,0,
459,car,0.476,283,1432,325,1514,383,0,0.000,0,0,0,0,
459,car,0.312,194,1325,321,1423,393,0,0.000,0,0,0,0,
459,person,0.283,50,786,281,819,371,0,0.000,0,0,0,0,
459,person,0.272,152,532,273,576,402,0,0.000,0,0,0,0,
460,person,0.650,154,562,275,611,421,0,0.000,0,0,0,0,
460,car,0.343,109,1302,319,1342,351,0,0.000,0,0,0,0,
460,car,0.495,186,1455,325,1513,382,0,0.000,0,0,0,0,
460,car,0.372,182,1424,325,1478,379,0,0.000,0,0,0,0,
460,car,0.334,281,1372,324,1422,397,0,0.000,0,0,0,0,
460,car,0.484,256,996,308,1059,343,0,0.000,0,0,0,0,
460,car,0.472,283,1434,326,1515,383,0,0.000,0,0,0,0,
460,car,0.484,194,1327,322,1420,390,0,0.000,0,0,0,0,
460,person,0.422,152,531,271,579,413,0,0.000,0,0,0,0,
461,person,0.648,154,567,276,615,421,0,0.000,0,0,0,0,
461,car,0.486,186,1455,325,1513,382,0,0.000,0,0,0,0,
461,car,0.369,182,1425,325,1478,379,0,0.000,0,0,0,0,
461,car,0.318,281,1373,324,1422,396,0,0.000,0,0,0,0,
461,car,0.417,256,1000,309,1065,343,0,0.000,0,0,0,0,
461,car,0.446,283,1434,326,1515,383,0,0.000,0,0,0,0,
461,car,0.383,194,1326,321,1420,390,0,0.000,0,0,0,0,
461,person,0.477,152,532,271,581,416,0,0.000,0,0,0,0,
461,car,0.525,262,1324,321,1398,386,0,0.000,0,0,0,0,
462,person,0.736,154,569,276,618,421,0,0.000,0,0,0,0,
462,car,0.485,186,1456,325,1514,382,0,0.000,0,0,0,0,
462,car,0.343,182,1425,325,1477,379,0,0.000,0,0,0,0,
462,car,0.313,281,1371,322,1422,397,0,0.000,0,0,0,0,
462,car,0.414,256,1001,309,1067,344,0,0.000,0,0,0,0,
462,car,0.431,283,1434,326,1515,383,0,0.000,0,0,0,0,
462,car,0.329,194,1324,321,1417,390,0,0.000,0,0,0,0,
462,person,0.597,152,533,271,583,417,0,0.000,0,0,0,0,
462,car,0.609,262,1320,321,1392,385,0,0.000,0,0,0,0,
463,person,0.720,154,571,275,619,419,0,0.000,0,0,0,0,
463,car,0.490,186,1456,325,1513,382,0,0.000,0,0,0,0,
463,car,0.353,182,1425,324,1477,379,0,0.000,0,0,0,0,
463,car,0.409,281,1366,321,1418,397,0,0.000,0,0,0,0,
463,car,0.440,256,1000,309,1070,344,0,0.000,0,0,0,0,
463,car,0.438,283,1434,326,1514,383,0,0.000,0,0,0,0,
463,car,0.359,194,1322,321,1415,389,0,0.000,0,0,0,0,
463,person,0.602,152,535,272,584,417,0,0.000,0,0,0,0,
463,car,0.603,262,1320,320,1392,385,0,0.000,0,0,0,0,
464,person,0.686,154,572,274,621,418,0,0.000,0,0,0,0,
464,car,0.497,186,1456,325,1513,382,0,0.000,0,0,0,0,
464,car,0.346,182,1425,324,1477,379,0,0.000,0,0,0,0,
464,car,0.474,256,1001,309,1072,344,0,0.000,0,0,0,0,
464,car,0.443,283,1433,326,1514,383,0,0.000,0,0,0,0,
464,car,0.640,194,1321,320,1411,386,0,0.000,0,0,0,0,
464,person,0.582,152,538,274,587,417,0,0.000,0,0,0,0,
464,car,0.453,262,1316,321,1385,383,0,0.000,0,0,0,0,
464,car,0.361,295,1036,313,1076,343,0,0.000,0,0,0,0,
465,person,0.564,154,576,276,623,418,0,0.000,0,0,0,0,
465,car,0.478,186,1454,325,1512,382,0,0.000,0,0,0,0,
465,car,0.344,182,1427,325,1476,379,0,0.000,0,0,0,0,
465,car,0.487,256,1001,309,1073,344,0,0.000,0,0,0,0,
465,car,0.703,194,1319,319,1408,384,0,0.000,0,0,0,0,
465,person,0.622,152,540,277,588,416,0,0.000,0,0,0,0,
465,car,0.361,295,1035,312,1076,343,0,0.000,0,0,0,0,
465,car,0.359,297,1404,323,1450,373,0,0.000,0,0,0,0,
466,person,0.590,154,578,276,625,417,0,0.000,0,0,0,0,
466,car,0.466,186,1453,324,1512,382,0,0.000,0,0,0,0,
466,car,0.336,182,1428,325,1476,379,0,0.000,0,0,0,0,
466,car,0.429,256,1002,308,1075,343,0,0.000,0,0,0,0,
466,car,0.715,194,1319,319,1406,384,0,0.000,0,0,0,0,
466,person,0.578,152,541,277,588,416,0,0.000,0,0,0,0,
466,car,0.293,295,1033,312,1076,343,0,0.000,0,0,0,0,
466,car,0.408,297,1403,324,1450,374,0,0.000,0,0,0,0,
467,person,0.544,154,581,276,628,416,0,0.000,0,0,0,0,
467,car,0.471,186,1452,324,1511,382,0,0.000,0,0,0,0,
467,car,0.318,182,1428,325,1476,379,0,0.000,0,0,0,0,
467,car,0.484,256,1003,308,1076,343,0,0.000,0,0,0,0,
467,car,0.668,194,1317,319,1405,383,0,0.000,0,0,0,0,
467,person,0.649,152,543,277,590,415,0,0.000,0,0,0,0,
467,car,0.440,297,1401,324,1448,374,0,0.000,0,0,0,0,
467,car,0.289,281,1356,321,1403,389,0,0.000,0,0,0,0,
468,person,0.610,154,583,274,630,416,0,0.000,0,0,0,0,
468,car,0.463,186,1451,324,1511,382,0,0.000,0,0,0,0,
468,car,0.290,182,1428,325,1476,378,0,0.000,0,0,0,0,
468,car,0.561,256,1006,309,1079,343,0,0.000,0,0,0,0,
468,car,0.435,194,1315,319,1400,381,0,0.000,0,0,0,0,
468,person,0.599,152,544,277,591,415,0,0.000,0,0,0,0,
468,car,0.484,297,1401,324,1446,372,0,0.000,0,0,0,0,
468,car,0.399,281,1356,321,1402,386,0,0.000,0,0,0,0,
468,car,0.643,262,1312,320,1377,379,0,0.000,0,0,0,0,
469,person,0.652,154,586,280,631,415,0,0.000,0,0,0,0,
469,car,0.473,186,1450,324,1510,382,0,0.000,0,0,0,0,
469,car,0.294,182,1429,325,1475,378,0,0.000,0,0,0,0,
469,car,0.538,256,1004,309,1079,343,0,0.000,0,0,0,0,
469,car,0.467,194,1313,319,1399,383,0,0.000,0,0,0,0,
469,person,0.680,152,546,279,592,416,0,0.000,0,0,0,0,
469,car,0.487,297,1401,324,1445,371,0,0.000,0,0,0,0,
469,car,0.492,281,1356,321,1400,384,0,0.000,0,0,0,0,
469,car,0.629,262,1313,320,1377,379,0,0.000,0,0,0,0,
470,person,0.661,154,589,275,633,413,0,0.000,0,0,0,0,
470,car,0.357,186,1456,324,1515,382,0,0.000,0,0,0,0,
470,car,0.597,256,1005,309,1080,343,0,0.000,0,0,0,0,
470,car,0.715,194,1312,320,1398,383,0,0.000,0,0,0,0,
470,person,0.705,152,549,277,596,416,0,0.000,0,0,0,0,
470,car,0.510,297,1403,324,1448,371,0,0.000,0,0,0,0,
470,car,0.420,283,1433,325,1514,382,0,0.000,0,0,0,0,
471,person,0.581,154,590,275,634,409,0,0.000,0,0,0,0,
471,car,0.362,186,1458,324,1516,382,0,0.000,0,0,0,0,
471,car,0.497,256,1002,309,1082,343,0,0.000,0,0,0,0,
471,car,0.676,194,1312,320,1396,383,0,0.000,0,0,0,0,
471,person,0.704,152,550,274,598,416,0,0.000,0,0,0,0,
471,car,0.511,297,1402,324,1448,371,0,0.000,0,0,0,0,
471,car,0.424,283,1432,325,1514,382,0,0.000,0,0,0,0,
472,person,0.376,154,593,275,636,409,0,0.000,0,0,0,0,
472,car,0.363,186,1459,324,1517,382,0,0.000,0,0,0,0,
472,car,0.529,256,1003,310,1083,344,0,0.000,0,0,0,0,
472,car,0.645,194,1312,320,1395,382,0,0.000,0,0,0,0,
472,person,0.702,152,553,272,601,416,0,0.000,0,0,0,0,
472,car,0.549,297,1397,324,1442,369,0,0.000,0,0,0,0,
472,car,0.417,283,1432,325,1514,382,0,0.000,0,0,0,0,
472,car,0.538,281,1345,321,1388,382,0,0.000,0,0,0,0,
473,person,0.499,154,595,275,638,410,0,0.000,0,0,0,0,
473,car,0.404,186,1457,324,1514,382,0,0.000,0,0,0,0,
473,car,0.579,256,1009,311,1087,344,0,0.000,0,0,0,0,
473,car,0.657,194,1311,320,1393,381,0,0.000,0,0,0,0,
473,person,0.728,152,555,272,604,416,0,0.000,0,0,0,0,
473,car,0.592,297,1395,324,1440,368,0,0.000,0,0,0,0,
473,car,0.405,283,1432,325,1514,382,0,0.000,0,0,0,0,
473,car,0.335,301,1393,325,1465,373,0,0.000,0,0,0,0,
473,car,0.530,281,1345,321,1389,382,0,0.000,0,0,0,0,
474,person,0.612,154,597,276,639,411,0,0.000,0,0,0,0,
474,car,0.397,186,1456,324,1513,382,0,0.000,0,0,0,0,
474,car,0.661,256,1013,312,1090,344,0,0.000,0,0,0,0,
474,car,0.642,194,1311,320,1392,381,0,0.000,0,0,0,0,
474,person,0.728,152,558,272,606,416,0,0.000,0,0,0,0,
474,car,0.648,297,1394,323,1440,367,0,0.000,0,0,0,0,
474,car,0.407,283,1432,325,1514,382,0,0.000,0,0,0,0,
474,car,0.350,301,1392,324,1465,372,0,0.000,0,0,0,0,
474,car,0.526,281,1347,322,1390,381,0,0.000,0,0,0,0,
474,car,0.578,262,1310,321,1370,376,0,0.000,0,0,0,0,
475,person,0.468,154,599,277,641,411,0,0.000,0,0,0,0,
475,car,0.361,186,1458,324,1516,382,0,0.000,0,0,0,0,
475,car,0.649,256,1013,312,1090,344,0,0.000,0,0,0,0,
475,car,0.664,194,1310,319,1391,380,0,0.000,0,0,0,0,
475,person,0.668,152,561,272,608,416,0,0.000,0,0,0,0,
475,car,0.630,297,1393,323,1439,367,0,0.000,0,0,0,0,
475,car,0.434,283,1432,325,1514,382,0,0.000,0,0,0,0,
475,car,0.345,301,1392,324,1465,372,0,0.000,0,0,0,0,
475,car,0.463,281,1348,322,1390,380,0,0.000,0,0,0,0,
476,person,0.496,154,601,275,643,412,0,0.000,0,0,0,0,
476,car,0.395,186,1456,324,1514,382,0,0.000,0,0,0,0,
476,car,0.552,256,1019,312,1094,344,0,0.000,0,0,0,0,
476,car,0.581,194,1309,319,1390,379,0,0.000,0,0,0,0,
476,person,0.689,152,563,273,610,416,0,0.000,0,0,0,0,
476,car,0.598,297,1391,323,1437,366,0,0.000,0,0,0,0,
476,car,0.419,283,1432,325,1514,382,0,0.000,0,0,0,0,
476,car,0.520,301,1388,324,1459,371,0,0.000,0,0,0,0,
476,car,0.457,281,1345,321,1388,379,0,0.000,0,0,0,0,
476,car,0.576,262,1306,320,1363,374,0,0.000,0,0,0,0,
477,person,0.429,154,604,275,646,413,0,0.000,0,0,0,0,
477,car,0.395,186,1455,324,1513,382,0,0.000,0,0,0,0,
477,car,0.496,256,1025,312,1097,344,0,0.000,0,0,0,0,
477,car,0.676,194,1309,319,1386,376,0,0.000,0,0,0,0,
477,person,0.696,152,566,274,612,416,0,0.000,0,0,0,0,
477,car,0.566,297,1390,324,1437,366,0,0.000,0,0,0,0,
477,car,0.421,283,1432,325,1514,382,0,0.000,0,0,0,0,
477,car,0.507,301,1388,324,1459,371,0,0.000,0,0,0,0,
477,car,0.425,281,1346,322,1387,378,0,0.000,0,0,0,0,
477,car,0.352,306,999,310,1090,343,0,0.000,0,0,0,0,
478,person,0.493,154,606,276,648,414,0,0.000,0,0,0,0,
478,car,0.398,186,1455,324,1512,382,0,0.000,0,0,0,0,
478,car,0.407,256,1029,313,1099,344,0,0.000,0,0,0,0,
478,car,0.664,194,1309,319,1385,376,0,0.000,0,0,0,0,
478,person,0.658,152,566,274,613,416,0,0.000,0,0,0,0,
478,car,0.557,297,1390,324,1437,366,0,0.000,0,0,0,0,
478,car,0.431,283,1431,325,1514,382,0,0.000,0,0,0,0,
478,car,0.492,301,1387,324,1457,371,0,0.000,0,0,0,0,
478,car,0.419,281,1347,324,1387,378,0,0.000,0,0,0,0,
478,car,0.300,306,1006,311,1098,343,0,0.000,0,0,0,0,
478,car,0.458,308,1334,320,1390,377,0,0.000,0,0,0,0,
479,person,0.322,154,608,278,649,413,0,0.000,0,0,0,0,
479,car,0.383,186,1455,324,1513,382,0,0.000,0,0,0,0,
479,car,0.383,256,1029,313,1099,344,0,0.000,0,0,0,0,
479,car,0.667,194,1307,319,1381,374,0,0.000,0,0,0,0,
479,person,0.614,152,568,275,615,416,0,0.000,0,0,0,0,
479,car,0.557,297,1390,324,1437,366,0,0.000,0,0,0,0,
479,car,0.414,283,1431,325,1514,382,0,0.000,0,0,0,0,
479,car,0.489,301,1387,324,1456,371,0,0.000,0,0,0,0,
479,car,0.380,281,1346,322,1387,376,0,0.000,0,0,0,0,
480,person,0.416,154,612,280,650,408,0,0.000,0,0,0,0,
480,car,0.395,186,1455,325,1512,382,0,0.000,0,0,0,0,
480,car,0.455,256,1032,313,1101,344,0,0.000,0,0,0,0,
480,car,0.648,194,1306,319,1382,376,0,0.000,0,0,0,0,
480,person,0.670,152,570,275,616,416,0,0.000,0,0,0,0,
480,car,0.539,297,1388,324,1436,365,0,0.000,0,0,0,0,
480,car,0.419,283,1431,325,1514,382,0,0.000,0,0,0,0,
480,car,0.483,301,1387,324,1456,371,0,0.000,0,0,0,0,
480,car,0.309,281,1343,321,1384,375,0,0.000,0,0,0,0,
481,person,0.415,154,613,278,653,407,0,0.000,0,0,0,0,
481,car,0.391,186,1455,325,1512,382,0,0.000,0,0,0,0,
481,car,0.440,256,1031,313,1100,343,0,0.000,0,0,0,0,
481,car,0.584,194,1305,319,1379,374,0,0.000,0,0,0,0,
481,person,0.691,152,572,276,618,416,0,0.000,0,0,0,0,
481,car,0.530,297,1387,324,1435,365,0,0.000,0,0,0,0,
481,car,0.412,283,1431,325,1514,382,0,0.000,0,0,0,0,
481,car,0.456,301,1387,323,1456,371,0,0.000,0,0,0,0,
482,person,0.381,154,614,279,653,406,0,0.000,0,0,0,0,
482,car,0.391,186,1455,325,1512,382,0,0.000,0,0,0,0,
482,car,0.364,256,1035,313,1101,343,0,0.000,0,0,0,0,
482,car,0.584,194,1305,319,1375,372,0,0.000,0,0,0,0,
482,person,0.657,152,575,277,621,416,0,0.000,0,0,0,0,
482,car,0.551,297,1385,323,1434,364,0,0.000,0,0,0,0,
482,car,0.411,283,1431,325,1514,382,0,0.000,0,0,0,0,
482,car,0.448,301,1386,323,1456,371,0,0.000,0,0,0,0,
482,car,0.309,316,1421,324,1470,377,0,0.000,0,0,0,0,
482,person,0.331,50,810,285,840,368,0,0.000,0,0,0,0,
482,car,0.326,262,1303,320,1354,368,0,0.000,0,0,0,0,
482,car,0.368,308,1322,319,1378,376,0,0.000,0,0,0,0,
483,person,0.544,154,614,276,654,404,0,0.000,0,0,0,0,
483,car,0.389,186,1455,325,1513,382,0,0.000,0,0,0,0,
483,car,0.381,256,1039,314,1102,343,0,0.000,0,0,0,0,
483,car,0.574,194,1303,319,1371,370,0,0.000,0,0,0,0,
483,person,0.611,152,577,276,623,415,0,0.000,0,0,0,0,
483,car,0.547,297,1385,323,1434,363,0,0.000,0,0,0,0,
483,car,0.404,283,1431,325,1514,382,0,0.000,0,0,0,0,
483,car,0.454,301,1386,323,1455,371,0,0.000,0,0,0,0,
483,car,0.312,316,1422,324,1471,377,0,0.000,0,0,0,0,
483,person,0.321,50,810,285,840,369,0,0.000,0,0,0,0,
483,car,0.294,308,1324,319,1379,376,0,0.000,0,0,0,0,
484,person,0.460,154,612,275,654,406,0,0.000,0,0,0,0,
484,car,0.397,186,1456,325,1513,382,0,0.000,0,0,0,0,
484,car,0.371,256,1043,314,1105,343,0,0.000,0,0,0,0,
484,person,0.532,152,578,275,624,414,0,0.000,0,0,0,0,
484,car,0.537,297,1385,323,1433,363,0,0.000,0,0,0,0,
484,car,0.398,283,1431,325,1514,382,0,0.000,0,0,0,0,
484,car,0.445,301,1385,323,1454,371,0,0.000,0,0,0,0,
484,car,0.324,316,1422,324,1471,377,0,0.000,0,0,0,0,
484,person,0.473,50,809,283,840,371,0,0.000,0,0,0,0,
484,car,0.539,262,1303,321,1355,369,0,0.000,0,0,0,0,
485,person,0.655,154,613,273,657,408,0,0.000,0,0,0,0,
485,car,0.403,186,1456,325,1513,382,0,0.000,0,0,0,0,
485,car,0.368,256,1043,313,1106,342,0,0.000,0,0,0,0,
485,person,0.479,152,579,274,625,412,0,0.000,0,0,0,0,
485,car,0.525,297,1385,323,1434,363,0,0.000,0,0,0,0,
485,car,0.406,283,1431,325,1514,382,0,0.000,0,0,0,0,
485,car,0.429,301,1386,323,1454,371,0,0.000,0,0,0,0,
485,car,0.319,316,1422,324,1471,378,0,0.000,0,0,0,0,
485,person,0.497,50,810,282,841,373,0,0.000,0,0,0,0,
485,car,0.522,262,1303,320,1356,370,0,0.000,0,0,0,0,
485,car,0.338,306,1043,316,1121,344,0,0.000,0,0,0,0,
486,person,0.614,154,616,274,661,410,0,0.000,0,0,0,0,
486,car,0.415,186,1455,325,1513,382,0,0.000,0,0,0,0,
486,car,0.351,256,1042,313,1106,343,0,0.000,0,0,0,0,
486,person,0.584,152,582,274,628,411,0,0.000,0,0,0,0,
486,car,0.538,297,1386,323,1435,363,0,0.000,0,0,0,0,
486,car,0.418,283,1431,325,1514,382,0,0.000,0,0,0,0,
486,car,0.434,301,1385,323,1453,371,0,0.000,0,0,0,0,
486,car,0.318,316,1422,324,1471,378,0,0.000,0,0,0,0,
486,person,0.492,50,811,281,842,370,0,0.000,0,0,0,0,
486,car,0.340,306,1049,316,1125,344,0,0.000,0,0,0,0,
486,car,0.587,194,1300,319,1367,369,0,0.000,0,0,0,0,
487,person,0.432,154,620,274,664,409,0,0.000,0,0,0,0,
487,car,0.397,186,1455,325,1512,382,0,0.000,0,0,0,0,
487,car,0.471,256,1045,313,1109,343,0,0.000,0,0,0,0,
487,person,0.625,152,587,276,634,412,0,0.000,0,0,0,0,
487,car,0.490,297,1386,323,1435,363,0,0.000,0,0,0,0,
487,car,0.408,283,1431,325,1514,382,0,0.000,0,0,0,0,
487,car,0.420,301,1386,323,1453,371,0,0.000,0,0,0,0,
487,car,0.313,316,1423,324,1472,378,0,0.000,0,0,0,0,
487,person,0.423,50,811,280,842,368,0,0.000,0,0,0,0,
487,car,0.386,194,1299,323,1361,370,0,0.000,0,0,0,0,
487,car,0.501,262,1300,323,1347,367,0,0.000,0,0,0,0,
488,person,0.419,154,620,273,665,411,0,0.000,0,0,0,0,
488,car,0.415,186,1456,325,1513,382,0,0.000,0,0,0,0,
488,car,0.388,256,1047,313,1111,343,0,0.000,0,0,0,0,
488,person,0.611,152,588,276,635,412,0,0.000,0,0,0,0,
488,car,0.503,297,1386,324,1435,363,0,0.000,0,0,0,0,
488,car,0.417,283,1431,325,1514,382,0,0.000,0,0,0,0,
488,car,0.422,301,1385,323,1452,371,0,0.000,0,0,0,0,
488,car,0.315,316,1424,324,1472,378,0,0.000,0,0,0,0,
488,person,0.301,50,812,281,843,366,0,0.000,0,0,0,0,
488,car,0.354,325,1367,322,1397,358,0,0.000,0,0,0,0,
488,car,0.506,262,1299,324,1343,366,0,0.000,0,0,0,0,
489,person,0.510,154,620,273,665,411,0,0.000,0,0,0,0,
489,car,0.405,186,1456,325,1513,382,0,0.000,0,0,0,0,
489,car,0.382,256,1051,314,1117,345,0,0.000,0,0,0,0,
489,person,0.581,152,588,273,636,413,0,0.000,0,0,0,0,
489,car,0.485,297,1386,324,1434,363,0,0.000,0,0,0,0,
489,car,0.410,283,1431,325,1514,382,0,0.000,0,0,0,0,
489,car,0.406,301,1386,323,1451,371,0,0.000,0,0,0,0,
489,car,0.317,316,1424,324,1473,378,0,0.000,0,0,0,0,
489,car,0.332,325,1367,322,1397,357,0,0.000,0,0,0,0,
489,car,0.376,262,1298,327,1340,367,0,0.000,0,0,0,0,
489,car,0.433,194,1292,321,1354,369,0,0.000,0,0,0,0,
490,person,0.497,154,622,274,666,411,0,0.000,0,0,0,0,
490,car,0.405,186,1456,325,1513,382,0,0.000,0,0,0,0,
490,car,0.463,256,1055,314,1122,345,0,0.000,0,0,0,0,
490,person,0.665,152,588,271,637,414,0,0.000,0,0,0,0,
490,car,0.479,297,1386,324,1434,363,0,0.000,0,0,0,0,
490,car,0.402,283,1431,325,1514,382,0,0.000,0,0,0,0,
490,car,0.394,301,1386,323,1451,371,0,0.000,0,0,0,0,
490,car,0.312,316,1424,324,1472,378,0,0.000,0,0,0,0,
490,car,0.335,325,1367,322,1396,357,0,0.000,0,0,0,0,
490,car,0.480,262,1297,325,1339,366,0,0.000,0,0,0,0,
490,car,0.286,194,1296,324,1356,370,0,0.000,0,0,0,0,
490,car,0.325,306,1063,317,1138,345,0,0.000,0,0,0,0,
490,person,0.302,50,816,282,846,368,0,0.000,0,0,0,0,
491,person,0.547,154,622,273,666,409,0,0.000,0,0,0,0,
491,car,0.414,186,1457,325,1513,382,0,0.000,0,0,0,0,
491,car,0.511,256,1057,315,1124,345,0,0.000,0,0,0,0,
491,person,0.680,152,589,272,639,413,0,0.000,0,0,0,0,
491,car,0.462,297,1386,324,1434,363,0,0.000,0,0,0,0,
491,car,0.402,283,1431,326,1514,382,0,0.000,0,0,0,0,
491,car,0.391,301,1386,323,1451,371,0,0.000,0,0,0,0,
491,car,0.314,316,1425,324,1472,378,0,0.000,0,0,0,0,
491,car,0.325,325,1366,322,1396,357,0,0.000,0,0,0,0,
491,car,0.451,262,1296,324,1339,365,0,0.000,0,0,0,0,
491,car,0.276,194,1296,323,1358,370,0,0.000,0,0,0,0,
491,car,0.384,306,1066,317,1138,345,0,0.000,0,0,0,0,
492,person,0.561,154,622,272,667,409,0,0.000,0,0,0,0,
492,car,0.421,186,1458,325,1514,382,0,0.000,0,0,0,0,
492,car,0.449,256,1051,314,1116,344,0,0.000,0,0,0,0,
492,person,0.626,152,590,273,639,413,0,0.000,0,0,0,0,
492,car,0.479,297,1386,324,1434,362,0,0.000,0,0,0,0,
492,car,0.386,283,1432,326,1514,382,0,0.000,0,0,0,0,
492,car,0.402,301,1386,323,1450,371,0,0.000,0,0,0,0,
492,car,0.332,316,1424,324,1472,378,0,0.000,0,0,0,0,
492,car,0.357,325,1366,322,1395,357,0,0.000,0,0,0,0,
492,car,0.480,262,1295,324,1338,365,0,0.000,0,0,0,0,
492,car,0.404,194,1294,321,1357,369,0,0.000,0,0,0,0,
493,person,0.452,154,620,272,666,411,0,0.000,0,0,0,0,
493,car,0.418,186,1459,325,1514,382,0,0.000,0,0,0,0,
493,car,0.450,256,1056,315,1119,345,0,0.000,0,0,0,0,
493,person,0.657,152,591,273,640,412,0,0.000,0,0,0,0,
493,car,0.495,297,1386,324,1434,362,0,0.000,0,0,0,0,
493,car,0.379,283,1432,326,1515,382,0,0.000,0,0,0,0,
493,car,0.416,301,1387,323,1450,371,0,0.000,0,0,0,0,
493,car,0.335,316,1424,324,1472,378,0,0.000,0,0,0,0,
493,car,0.399,325,1365,322,1395,357,0,0.000,0,0,0,0,
493,car,0.510,262,1295,324,1338,365,0,0.000,0,0,0,0,
493,car,0.420,194,1294,320,1357,368,0,0.000,0,0,0,0,
493,person,0.433,326,598,269,666,413,0,0.000,0,0,0,0,
494,person,0.446,154,625,275,670,411,0,0.000,0,0,0,0,
494,car,0.434,186,1460,325,1515,382,0,0.000,0,0,0,0,
494,car,0.522,256,1059,315,1123,345,0,0.000,0,0,0,0,
494,person,0.708,152,592,273,640,412,0,0.000,0,0,0,0,
494,car,0.474,297,1386,324,1434,362,0,0.000,0,0,0,0,
494,car,0.373,283,1432,326,1515,382,0,0.000,0,0,0,0,
494,car,0.408,301,1387,323,1450,371,0,0.000,0,0,0,0,
494,car,0.329,316,1425,324,1472,378,0,0.000,0,0,0,0,
494,car,0.404,325,1364,322,1395,357,0,0.000,0,0,0,0,
494,car,0.575,262,1296,324,1341,365,0,0.000,0,0,0,0,
494,car,0.492,194,1294,319,1358,368,0,0.000,0,0,0,0,
495,person,0.510,154,629,276,674,412,0,0.000,0,0,0,0,
495,car,0.433,186,1460,325,1515,382,0,0.000,0,0,0,0,
495,car,0.484,256,1060,316,1125,345,0,0.000,0,0,0,0,
495,person,0.710,152,593,275,640,411,0,0.000,0,0,0,0,
495,car,0.485,297,1386,324,1435,362,0,0.000,0,0,0,0,
495,car,0.372,283,1432,326,1515,382,0,0.000,0,0,0,0,
495,car,0.420,301,1387,323,1450,371,0,0.000,0,0,0,0,
495,car,0.334,316,1425,324,1472,378,0,0.000,0,0,0,0,
495,car,0.435,325,1363,322,1394,357,0,0.000,0,0,0,0,
495,car,0.582,262,1297,324,1342,365,0,0.000,0,0,0,0,
495,car,0.467,194,1294,321,1357,369,0,0.000,0,0,0,0,
495,car,0.312,330,1430,324,1493,379,0,0.000,0,0,0,0,
495,car,0.345,306,1069,318,1137,345,0,0.000,0,0,0,0,
495,person,0.346,326,592,273,659,414,0,0.000,0,0,0,0,
496,person,0.529,154,631,276,676,412,0,0.000,0,0,0,0,
496,car,0.434,186,1460,325,1515,382,0,0.000,0,0,0,0,
496,car,0.449,256,1061,315,1127,345,0,0.000,0,0,0,0,
496,person,0.672,152,594,276,640,410,0,0.000,0,0,0,0,
496,car,0.473,297,1386,324,1434,362,0,0.000,0,0,0,0,
496,car,0.373,283,1432,326,1515,382,0,0.000,0,0,0,0,
496,car,0.401,301,1387,323,1449,371,0,0.000,0,0,0,0,
496,car,0.336,316,1425,324,1473,378,0,0.000,0,0,0,0,
496,car,0.432,325,1363,322,1394,357,0,0.000,0,0,0,0,
496,car,0.581,262,1295,324,1341,364,0,0.000,0,0,0,0,
496,car,0.435,194,1293,321,1356,369,0,0.000,0,0,0,0,
496,car,0.314,330,1431,324,1493,379,0,0.000,0,0,0,0,
496,person,0.362,331,616,273,673,413,0,0.000,0,0,0,0,
496,person,0.344,326,596,275,661,412,0,0.000,0,0,0,0,
497,person,0.645,154,633,278,677,412,0,0.000,0,0,0,0,
497,car,0.437,186,1461,325,1515,382,0,0.000,0,0,0,0,
497,car,0.474,256,1064,315,1130,345,0,0.000,0,0,0,0,
497,person,0.690,152,594,278,640,410,0,0.000,0,0,0,0,
497,car,0.468,297,1386,324,1435,362,0,0.000,0,0,0,0,
497,car,0.371,283,1432,326,1515,382,0,0.000,0,0,0,0,
497,car,0.416,301,1386,323,1449,371,0,0.000,0,0,0,0,
497,car,0.347,316,1426,324,1473,378,0,0.000,0,0,0,0,
497,car,0.478,325,1362,322,1393,357,0,0.000,0,0,0,0,
497,car,0.632,262,1294,324,1340,364,0,0.000,0,0,0,0,
497,car,0.319,330,1430,324,1493,379,0,0.000,0,0,0,0,
497,car,0.298,306,1073,316,1145,345,0,0.000,0,0,0,0,
498,person,0.649,154,634,276,678,411,0,0.000,0,0,0,0,
498,car,0.435,186,1460,325,1515,382,0,0.000,0,0,0,0,
498,car,0.665,256,1064,315,1132,346,0,0.000,0,0,0,0,
498,person,0.687,152,597,276,642,410,0,0.000,0,0,0,0,
498,car,0.463,297,1386,324,1435,362,0,0.000,0,0,0,0,
498,car,0.371,283,1432,326,1514,382,0,0.000,0,0,0,0,
498,car,0.411,301,1387,323,1449,371,0,0.000,0,0,0,0,
498,car,0.345,316,1426,324,1473,378,0,0.000,0,0,0,0,
498,car,0.481,325,1361,323,1393,357,0,0.000,0,0,0,0,
498,car,0.627,262,1294,323,1341,363,0,0.000,0,0,0,0,
498,car,0.318,330,1430,324,1493,379,0,0.000,0,0,0,0,
498,person,0.416,331,620,272,677,411,0,0.000,0,0,0,0,
499,person,0.676,154,635,275,680,412,0,0.000,0,0,0,0,
499,car,0.445,186,1460,325,1514,382,0,0.000,0,0,0,0,
499,car,0.664,256,1065,316,1133,347,0,0.000,0,0,0,0,
499,person,0.687,152,598,275,644,409,0,0.000,0,0,0,0,
499,car,0.491,297,1386,324,1435,362,0,0.000,0,0,0,0,
499,car,0.385,283,1432,326,1515,382,0,0.000,0,0,0,0,
499,car,0.423,301,1386,323,1448,371,0,0.000,0,0,0,0,
499,car,0.347,316,1426,324,1473,378,0,0.000,0,0,0,0,
499,car,0.488,325,1360,323,1393,357,0,0.000,0,0,0,0,
499,car,0.330,330,1431,324,1493,379,0,0.000,0,0,0,0,
499,car,0.659,194,1291,322,1348,364,0,0.000,0,0,0,0,
500,person,0.666,154,637,274,682,411,0,0.000,0,0,0,0,
500,car,0.460,186,1460,325,1514,382,0,0.000,0,0,0,0,
500,car,0.662,256,1065,316,1132,347,0,0.000,0,0,0,0,
500,person,0.630,152,600,273,646,410,0,0.000,0,0,0,0,
500,car,0.501,297,1386,324,1436,363,0,0.000,0,0,0,0,
500,car,0.389,283,1432,326,1515,382,0,0.000,0,0,0,0,
500,car,0.446,301,1386,323,1448,371,0,0.000,0,0,0,0,
500,car,0.359,316,1426,324,1473,378,0,0.000,0,0,0,0,
500,car,0.521,325,1360,323,1393,357,0,0.000,0,0,0,0,
500,car,0.332,330,1430,324,1493,379,0,0.000,0,0,0,0,
500,car,0.642,194,1290,321,1346,363,0,0.000,0,0,0,0,
500,person,0.294,326,599,273,663,413,0,0.000,0,0,0,0,
500,car,0.377,306,1071,315,1146,346,0,0.000,0,0,0,0,
500,person,0.398,331,621,271,679,412,0,0.000,0,0,0,0,
501,person,0.632,154,639,274,684,410,0,0.000,0,0,0,0,
501,car,0.464,186,1460,325,1514,382,0,0.000,0,0,0,0,
501,car,0.644,256,1067,315,1134,347,0,0.000,0,0,0,0,
501,person,0.690,152,603,272,649,409,0,0.000,0,0,0,0,
501,car,0.513,297,1386,324,1436,362,0,0.000,0,0,0,0,
501,car,0.394,283,1432,326,1515,382,0,0.000,0,0,0,0,
501,car,0.439,301,1386,323,1448,371,0,0.000,0,0,0,0,
501,car,0.353,316,1426,324,1473,378,0,0.000,0,0,0,0,
501,car,0.530,325,1360,323,1393,357,0,0.000,0,0,0,0,
501,car,0.333,330,1431,324,1493,379,0,0.000,0,0,0,0,
501,car,0.691,194,1290,321,1346,363,0,0.000,0,0,0,0,
501,person,0.327,331,621,270,680,412,0,0.000,0,0,0,0,
502,person,0.696,154,640,276,685,410,0,0.000,0,0,0,0,
502,car,0.468,186,1460,325,1514,382,0,0.000,0,0,0,0,
502,car,0.691,256,1069,314,1139,346,0,0.000,0,0,0,0,
502,person,0.627,152,605,271,651,409,0,0.000,0,0,0,0,
502,car,0.505,297,1386,324,1436,363,0,0.000,0,0,0,0,
502,car,0.392,283,1433,326,1515,382,0,0.000,0,0,0,0,
502,car,0.438,301,1387,324,1448,371,0,0.000,0,0,0,0,
502,car,0.361,316,1426,324,1472,378,0,0.000,0,0,0,0,
502,car,0.543,325,1360,323,1394,357,0,0.000,0,0,0,0,
502,car,0.331,330,1430,324,1492,379,0,0.000,0,0,0,0,
502,car,0.682,194,1290,322,1345,363,0,0.000,0,0,0,0,
502,person,0.467,331,621,270,681,412,0,0.000,0,0,0,0,
503,person,0.684,154,642,278,686,411,0,0.000,0,0,0,0,
503,car,0.481,186,1461,325,1514,382,0,0.000,0,0,0,0,
503,car,0.621,256,1070,313,1142,346,0,0.000,0,0,0,0,
503,person,0.658,152,609,273,653,409,0,0.000,0,0,0,0,
503,car,0.509,297,1386,324,1436,363,0,0.000,0,0,0,0,
503,car,0.399,283,1433,326,1515,382,0,0.000,0,0,0,0,
503,car,0.438,301,1386,323,1448,371,0,0.000,0,0,0,0,
503,car,0.360,316,1427,324,1473,378,0,0.000,0,0,0,0,
503,car,0.513,325,1360,323,1395,358,0,0.000,0,0,0,0,
503,car,0.338,330,1430,324,1493,379,0,0.000,0,0,0,0,
503,car,0.674,194,1290,323,1345,362,0,0.000,0,0,0,0,
503,person,0.353,326,606,271,671,412,0,0.000,0,0,0,0,
503,car,0.338,306,1085,315,1156,346,0,0.000,0,0,0,0,
504,person,0.687,154,645,281,687,409,0,0.000,0,0,0,0,
504,car,0.447,186,1459,325,1513,381,0,0.000,0,0,0,0,
504,car,0.676,256,1073,313,1144,346,0,0.000,0,0,0,0,
504,person,0.699,152,610,274,654,408,0,0.000,0,0,0,0,
504,car,0.517,297,1386,324,1437,363,0,0.000,0,0,0,0,
504,car,0.396,283,1432,325,1514,381,0,0.000,0,0,0,0,
504,car,0.447,301,1387,323,1449,371,0,0.000,0,0,0,0,
504,car,0.341,316,1426,324,1472,378,0,0.000,0,0,0,0,
504,car,0.485,325,1361,323,1396,358,0,0.000,0,0,0,0,
504,car,0.627,194,1289,322,1344,362,0,0.000,0,0,0,0,
505,person,0.709,154,648,282,690,408,0,0.000,0,0,0,0,
505,car,0.434,186,1458,325,1512,381,0,0.000,0,0,0,0,
505,car,0.587,256,1075,313,1145,346,0,0.000,0,0,0,0,
505,person,0.768,152,613,274,656,407,0,0.000,0,0,0,0,
505,car,0.500,297,1386,324,1437,363,0,0.000,0,0,0,0,
505,car,0.393,283,1432,325,1514,381,0,0.000,0,0,0,0,
505,car,0.440,301,1387,323,1449,371,0,0.000,0,0,0,0,
505,car,0.340,316,1426,324,1471,378,0,0.000,0,0,0,0,
505,car,0.490,325,1361,323,1396,358,0,0.000,0,0,0,0,
505,car,0.564,194,1288,321,1345,362,0,0.000,0,0,0,0,
505,car,0.326,306,1085,316,1154,347,0,0.000,0,0,0,0,
506,person,0.395,154,649,280,691,407,0,0.000,0,0,0,0,
506,car,0.442,186,1458,324,1512,381,0,0.000,0,0,0,0,
506,car,0.596,256,1076,313,1146,347,0,0.000,0,0,0,0,
506,person,0.687,152,614,273,657,406,0,0.000,0,0,0,0,
506,car,0.498,297,1386,324,1437,363,0,0.000,0,0,0,0,
506,car,0.394,283,1432,325,1514,381,0,0.000,0,0,0,0,
506,car,0.440,301,1387,323,1450,371,0,0.000,0,0,0,0,
506,car,0.341,316,1425,324,1471,377,0,0.000,0,0,0,0,
506,car,0.491,325,1361,323,1397,358,0,0.000,0,0,0,0,
506,car,0.565,194,1287,321,1344,362,0,0.000,0,0,0,0,
506,car,0.359,281,1310,320,1346,363,0,0.000,0,0,0,0,
507,person,0.427,154,652,281,693,408,0,0.000,0,0,0,0,
507,car,0.448,186,1458,324,1512,381,0,0.000,0,0,0,0,
507,car,0.675,256,1076,313,1146,346,0,0.000,0,0,0,0,
507,person,0.687,152,616,272,660,407,0,0.000,0,0,0,0,
507,car,0.506,297,1385,324,1437,363,0,0.000,0,0,0,0,
507,car,0.404,283,1432,325,1514,381,0,0.000,0,0,0,0,
507,car,0.443,301,1388,323,1450,371,0,0.000,0,0,0,0,
507,car,0.347,316,1425,324,1471,377,0,0.000,0,0,0,0,
507,car,0.501,325,1361,323,1397,359,0,0.000,0,0,0,0,
507,car,0.539,194,1285,321,1341,362,0,0.000,0,0,0,0,
507,car,0.304,281,1310,320,1347,363,0,0.000,0,0,0,0,
507,person,0.354,331,629,273,686,410,0,0.000,0,0,0,0,
508,person,0.258,154,654,282,695,406,0,0.000,0,0,0,0,
508,car,0.455,186,1458,324,1512,381,0,0.000,0,0,0,0,
508,car,0.578,256,1078,313,1147,346,0,0.000,0,0,0,0,
508,car,0.490,297,1386,324,1438,363,0,0.000,0,0,0,0,
508,car,0.409,283,1432,325,1514,381,0,0.000,0,0,0,0,
508,car,0.436,301,1388,323,1451,371,0,0.000,0,0,0,0,
508,car,0.349,316,1425,324,1471,377,0,0.000,0,0,0,0,
508,car,0.497,325,1361,323,1398,359,0,0.000,0,0,0,0,
508,car,0.577,194,1284,321,1340,362,0,0.000,0,0,0,0,
508,car,0.319,281,1304,320,1343,363,0,0.000,0,0,0,0,
508,person,0.401,331,626,272,685,409,0,0.000,0,0,0,0,
508,person,0.643,326,612,271,674,409,0,0.000,0,0,0,0,
509,person,0.402,154,658,283,696,398,0,0.000,0,0,0,0,
509,car,0.458,186,1458,324,1512,381,0,0.000,0,0,0,0,
509,car,0.621,256,1078,313,1150,347,0,0.000,0,0,0,0,
509,car,0.500,297,1385,324,1438,363,0,0.000,0,0,0,0,
509,car,0.408,283,1432,325,1514,381,0,0.000,0,0,0,0,
509,car,0.441,301,1388,323,1451,371,0,0.000,0,0,0,0,
509,car,0.340,316,1425,324,1471,377,0,0.000,0,0,0,0,
509,car,0.498,325,1362,323,1398,358,0,0.000,0,0,0,0,
509,car,0.587,194,1283,321,1339,362,0,0.000,0,0,0,0,
509,car,0.304,281,1301,321,1340,363,0,0.000,0,0,0,0,
509,person,0.681,152,619,271,663,404,0,0.000,0,0,0,0,
510,person,0.519,154,658,283,696,397,0,0.000,0,0,0,0,
510,car,0.453,186,1458,324,1512,381,0,0.000,0,0,0,0,
510,car,0.478,256,1082,312,1154,346,0,0.000,0,0,0,0,
510,car,0.515,297,1385,324,1438,363,0,0.000,0,0,0,0,
510,car,0.405,283,1432,325,1514,381,0,0.000,0,0,0,0,
510,car,0.440,301,1387,323,1451,371,0,0.000,0,0,0,0,
510,car,0.350,316,1425,324,1471,377,0,0.000,0,0,0,0,
510,car,0.539,325,1362,323,1398,358,0,0.000,0,0,0,0,
510,car,0.581,194,1283,321,1338,361,0,0.000,0,0,0,0,
510,car,0.273,281,1299,320,1339,362,0,0.000,0,0,0,0,
510,person,0.643,152,620,274,663,404,0,0.000,0,0,0,0,
511,person,0.558,154,658,284,697,399,0,0.000,0,0,0,0,
511,car,0.451,186,1458,324,1513,381,0,0.000,0,0,0,0,
511,car,0.437,256,1087,311,1157,345,0,0.000,0,0,0,0,
511,car,0.506,297,1384,324,1437,363,0,0.000,0,0,0,0,
511,car,0.410,283,1432,325,1514,381,0,0.000,0,0,0,0,
511,car,0.437,301,1387,323,1450,371,0,0.000,0,0,0,0,
511,car,0.356,316,1426,324,1472,377,0,0.000,0,0,0,0,
511,car,0.532,325,1364,323,1398,357,0,0.000,0,0,0,0,
511,car,0.594,194,1282,321,1337,361,0,0.000,0,0,0,0,
511,person,0.660,152,620,275,663,404,0,0.000,0,0,0,0,
512,person,0.546,154,657,281,698,403,0,0.000,0,0,0,0,
512,car,0.442,186,1458,324,1512,381,0,0.000,0,0,0,0,
512,car,0.458,256,1089,312,1158,345,0,0.000,0,0,0,0,
512,car,0.513,297,1384,324,1437,362,0,0.000,0,0,0,0,
512,car,0.405,283,1432,325,1514,381,0,0.000,0,0,0,0,
512,car,0.444,301,1387,323,1450,371,0,0.000,0,0,0,0,
512,car,0.351,316,1426,324,1472,377,0,0.000,0,0,0,0,
512,car,0.515,325,1365,323,1399,357,0,0.000,0,0,0,0,
512,car,0.645,194,1282,321,1337,360,0,0.000,0,0,0,0,
512,person,0.652,152,621,276,664,404,0,0.000,0,0,0,0,
513,person,0.514,154,656,280,697,404,0,0.000,0,0,0,0,
513,car,0.450,186,1458,324,1512,382,0,0.000,0,0,0,0,
513,car,0.520,256,1090,312,1159,345,0,0.000,0,0,0,0,
513,car,0.523,297,1384,324,1437,362,0,0.000,0,0,0,0,
513,car,0.416,283,1431,325,1514,381,0,0.000,0,0,0,0,
513,car,0.439,301,1387,323,1450,371,0,0.000,0,0,0,0,
513,car,0.357,316,1426,324,1472,377,0,0.000,0,0,0,0,
513,car,0.534,325,1365,323,1400,357,0,0.000,0,0,0,0,
513,car,0.662,194,1282,320,1338,360,0,0.000,0,0,0,0,
513,person,0.598,152,622,276,666,405,0,0.000,0,0,0,0,
513,person,0.448,331,626,278,684,408,0,0.000,0,0,0,0,
514,person,0.508,154,656,275,699,406,0,0.000,0,0,0,0,
514,car,0.454,186,1457,324,1512,382,0,0.000,0,0,0,0,
514,car,0.587,256,1091,312,1159,345,0,0.000,0,0,0,0,
514,car,0.542,297,1383,324,1437,363,0,0.000,0,0,0,0,
514,car,0.416,283,1431,325,1514,381,0,0.000,0,0,0,0,
514,car,0.457,301,1387,323,1450,371,0,0.000,0,0,0,0,
514,car,0.356,316,1426,324,1472,377,0,0.000,0,0,0,0,
514,car,0.462,325,1367,322,1401,357,0,0.000,0,0,0,0,
514,car,0.687,194,1282,319,1339,360,0,0.000,0,0,0,0,
514,person,0.556,152,623,275,668,406,0,0.000,0,0,0,0,
515,person,0.470,154,656,275,699,407,0,0.000,0,0,0,0,
515,car,0.450,186,1457,324,1512,382,0,0.000,0,0,0,0,
515,car,0.474,256,1090,312,1155,345,0,0.000,0,0,0,0,
515,car,0.541,297,1383,324,1437,363,0,0.000,0,0,0,0,
515,car,0.419,283,1431,325,1514,381,0,0.000,0,0,0,0,
515,car,0.453,301,1386,323,1451,371,0,0.000,0,0,0,0,
515,car,0.355,316,1425,324,1471,377,0,0.000,0,0,0,0,
515,car,0.458,325,1367,322,1401,357,0,0.000,0,0,0,0,
515,car,0.679,194,1281,319,1338,360,0,0.000,0,0,0,0,
515,person,0.556,152,626,274,672,406,0,0.000,0,0,0,0,
515,car,0.338,306,1097,314,1168,346,0,0.000,0,0,0,0,
516,person,0.440,154,659,274,702,407,0,0.000,0,0,0,0,
516,car,0.437,186,1456,324,1512,382,0,0.000,0,0,0,0,
516,car,0.500,256,1093,312,1158,344,0,0.000,0,0,0,0,
516,car,0.546,297,1382,324,1436,363,0,0.000,0,0,0,0,
516,car,0.431,283,1431,325,1514,381,0,0.000,0,0,0,0,
516,car,0.446,301,1386,323,1450,371,0,0.000,0,0,0,0,
516,car,0.346,316,1425,324,1471,377,0,0.000,0,0,0,0,
516,car,0.412,325,1367,323,1400,357,0,0.000,0,0,0,0,
516,car,0.668,194,1281,320,1337,361,0,0.000,0,0,0,0,
516,person,0.595,326,622,271,682,406,0,0.000,0,0,0,0,
516,person,0.475,331,640,276,698,408,0,0.000,0,0,0,0,
517,person,0.488,154,656,273,700,408,0,0.000,0,0,0,0,
517,car,0.442,186,1456,324,1512,382,0,0.000,0,0,0,0,
517,car,0.485,256,1095,311,1160,344,0,0.000,0,0,0,0,
517,car,0.553,297,1382,324,1436,363,0,0.000,0,0,0,0,
517,car,0.437,283,1431,325,1514,381,0,0.000,0,0,0,0,
517,car,0.452,301,1385,324,1449,371,0,0.000,0,0,0,0,
517,car,0.351,316,1425,324,1471,377,0,0.000,0,0,0,0,
517,car,0.406,325,1368,323,1400,357,0,0.000,0,0,0,0,
517,car,0.680,194,1280,320,1337,361,0,0.000,0,0,0,0,
517,person,0.543,326,624,271,683,406,0,0.000,0,0,0,0,
517,person,0.448,331,636,276,695,408,0,0.000,0,0,0,0,
518,person,0.333,154,663,274,705,404,0,0.000,0,0,0,0,
518,car,0.437,186,1456,324,1512,382,0,0.000,0,0,0,0,
518,car,0.551,256,1097,311,1164,345,0,0.000,0,0,0,0,
518,car,0.552,297,1382,325,1436,363,0,0.000,0,0,0,0,
518,car,0.442,283,1431,325,1515,382,0,0.000,0,0,0,0,
518,car,0.459,301,1385,324,1447,370,0,0.000,0,0,0,0,
518,car,0.339,316,1425,324,1471,377,0,0.000,0,0,0,0,
518,car,0.431,325,1367,323,1399,357,0,0.000,0,0,0,0,
518,car,0.645,194,1281,320,1337,361,0,0.000,0,0,0,0,
518,person,0.611,326,625,274,682,404,0,0.000,0,0,0,0,
519,person,0.423,154,669,280,708,403,0,0.000,0,0,0,0,
519,car,0.431,186,1456,324,1512,382,0,0.000,0,0,0,0,
519,car,0.535,256,1099,311,1167,345,0,0.000,0,0,0,0,
519,car,0.549,297,1382,324,1436,362,0,0.000,0,0,0,0,
519,car,0.439,283,1431,325,1515,382,0,0.000,0,0,0,0,
519,car,0.452,301,1385,324,1447,369,0,0.000,0,0,0,0,
519,car,0.344,316,1425,324,1471,377,0,0.000,0,0,0,0,
519,car,0.468,325,1367,323,1399,357,0,0.000,0,0,0,0,
519,car,0.614,194,1281,320,1337,360,0,0.000,0,0,0,0,
519,person,0.639,152,631,274,676,404,0,0.000,0,0,0,0,
520,person,0.671,154,669,275,710,404,0,0.000,0,0,0,0,
520,car,0.435,186,1456,324,1512,382,0,0.000,0,0,0,0,
520,car,0.468,256,1102,311,1170,346,0,0.000,0,0,0,0,
520,car,0.541,297,1382,325,1436,362,0,0.000,0,0,0,0,
520,car,0.438,283,1431,325,1515,382,0,0.000,0,0,0,0,
520,car,0.463,301,1385,324,1446,369,0,0.000,0,0,0,0,
520,car,0.338,316,1425,324,1471,377,0,0.000,0,0,0,0,
520,car,0.499,325,1366,323,1398,357,0,0.000,0,0,0,0,
520,car,0.561,194,1281,320,1334,359,0,0.000,0,0,0,0,
520,car,0.365,351,1347,321,1372,352,0,0.000,0,0,0,0,
520,person,0.682,152,631,272,677,405,0,0.000,0,0,0,0,
520,car,0.388,281,1283,319,1318,354,0,0.000,0,0,0,0,
520,car,0.383,306,1116,313,1177,343,0,0.000,0,0,0,0,
521,person,0.676,154,669,272,711,406,0,0.000,0,0,0,0,
521,car,0.424,186,1456,324,1512,382,0,0.000,0,0,0,0,
521,car,0.448,256,1102,311,1169,345,0,0.000,0,0,0,0,
521,car,0.548,297,1382,325,1436,362,0,0.000,0,0,0,0,
521,car,0.437,283,1431,325,1515,382,0,0.000,0,0,0,0,
521,car,0.454,301,1385,324,1446,369,0,0.000,0,0,0,0,
521,car,0.341,316,1425,324,1471,377,0,0.000,0,0,0,0,
521,car,0.391,325,1367,323,1399,357,0,0.000,0,0,0,0,
521,car,0.535,194,1280,320,1332,359,0,0.000,0,0,0,0,
521,car,0.308,351,1347,321,1371,352,0,0.000,0,0,0,0,
521,person,0.589,152,632,271,678,405,0,0.000,0,0,0,0,
521,car,0.387,281,1281,319,1317,353,0,0.000,0,0,0,0,
521,car,0.381,306,1115,314,1175,343,0,0.000,0,0,0,0,
522,person,0.712,154,670,274,712,405,0,0.000,0,0,0,0,
522,car,0.425,186,1456,324,1512,381,0,0.000,0,0,0,0,
522,car,0.390,256,1100,311,1166,346,0,0.000,0,0,0,0,
522,car,0.543,297,1382,325,1436,362,0,0.000,0,0,0,0,
522,car,0.434,283,1431,325,1515,382,0,0.000,0,0,0,0,
522,car,0.442,301,1385,324,1446,369,0,0.000,0,0,0,0,
522,car,0.339,316,1425,324,1471,377,0,0.000,0,0,0,0,
522,car,0.403,325,1368,323,1400,357,0,0.000,0,0,0,0,
522,car,0.548,194,1280,320,1333,359,0,0.000,0,0,0,0,
522,car,0.331,351,1345,321,1370,352,0,0.000,0,0,0,0,
522,person,0.675,152,633,272,679,405,0,0.000,0,0,0,0,
522,car,0.395,281,1280,319,1317,354,0,0.000,0,0,0,0,
522,car,0.287,306,1116,314,1176,344,0,0.000,0,0,0,0,
523,person,0.637,154,672,281,711,405,0,0.000,0,0,0,0,
523,car,0.429,186,1456,324,1513,381,0,0.000,0,0,0,0,
523,car,0.378,256,1103,310,1172,346,0,0.000,0,0,0,0,
523,car,0.543,297,1382,325,1436,362,0,0.000,0,0,0,0,
523,car,0.432,283,1431,325,1515,382,0,0.000,0,0,0,0,
523,car,0.444,301,1385,324,1446,368,0,0.000,0,0,0,0,
523,car,0.341,316,1425,324,1471,377,0,0.000,0,0,0,0,
523,car,0.415,325,1369,323,1399,357,0,0.000,0,0,0,0,
523,car,0.398,351,1346,321,1370,352,0,0.000,0,0,0,0,
523,person,0.664,152,635,273,680,405,0,0.000,0,0,0,0,
523,car,0.360,281,1279,319,1315,353,0,0.000,0,0,0,0,
523,car,0.481,262,1280,322,1324,358,0,0.000,0,0,0,0,
524,person,0.588,154,673,279,713,404,0,0.000,0,0,0,0,
524,car,0.419,186,1456,324,1513,382,0,0.000,0,0,0,0,
524,car,0.378,256,1105,310,1174,347,0,0.000,0,0,0,0,
524,car,0.531,297,1381,325,1435,362,0,0.000,0,0,0,0,
524,car,0.427,283,1431,325,1515,382,0,0.000,0,0,0,0,
524,car,0.441,301,1386,324,1446,368,0,0.000,0,0,0,0,
524,car,0.338,316,1425,324,1471,377,0,0.000,0,0,0,0,
524,car,0.405,325,1370,323,1400,357,0,0.000,0,0,0,0,
524,car,0.415,351,1346,321,1370,352,0,0.000,0,0,0,0,
524,person,0.675,152,636,273,681,404,0,0.000,0,0,0,0,
524,car,0.381,262,1278,321,1321,358,0,0.000,0,0,0,0,
524,car,0.358,306,1117,314,1177,344,0,0.000,0,0,0,0,
525,person,0.519,154,676,283,715,404,0,0.000,0,0,0,0,
525,car,0.430,186,1456,324,1513,382,0,0.000,0,0,0,0,
525,car,0.347,256,1103,311,1170,346,0,0.000,0,0,0,0,
525,car,0.531,297,1381,325,1435,362,0,0.000,0,0,0,0,
525,car,0.432,283,1431,325,1515,382,0,0.000,0,0,0,0,
525,car,0.446,301,1386,324,1446,368,0,0.000,0,0,0,0,
525,car,0.341,316,1425,324,1471,377,0,0.000,0,0,0,0,
525,car,0.404,325,1370,323,1400,357,0,0.000,0,0,0,0,
525,car,0.394,351,1345,321,1369,352,0,0.000,0,0,0,0,
525,person,0.653,152,638,275,682,403,0,0.000,0,0,0,0,
525,car,0.362,262,1276,320,1320,357,0,0.000,0,0,0,0,
525,car,0.506,306,1116,314,1177,345,0,0.000,0,0,0,0,
526,person,0.270,154,679,284,716,400,0,0.000,0,0,0,0,
526,car,0.428,186,1456,324,1513,382,0,0.000,0,0,0,0,
526,car,0.439,256,1108,311,1175,347,0,0.000,0,0,0,0,
526,car,0.527,297,1381,325,1435,362,0,0.000,0,0,0,0,
526,car,0.430,283,1431,325,1515,382,0,0.000,0,0,0,0,
526,car,0.444,301,1385,324,1446,368,0,0.000,0,0,0,0,
526,car,0.342,316,1425,324,1471,377,0,0.000,0,0,0,0,
526,car,0.399,325,1370,323,1400,357,0,0.000,0,0,0,0,
526,car,0.404,351,1344,322,1369,352,0,0.000,0,0,0,0,
526,person,0.698,152,641,277,684,403,0,0.000,0,0,0,0,
526,car,0.383,262,1276,319,1319,357,0,0.000,0,0,0,0,
526,car,0.516,306,1118,314,1179,345,0,0.000,0,0,0,0,
527,person,0.502,154,681,282,718,400,0,0.000,0,0,0,0,
527,car,0.428,186,1456,324,1513,382,0,0.000,0,0,0,0,
527,car,0.329,256,1106,310,1172,346,0,0.000,0,0,0,0,
527,car,0.537,297,1381,325,1436,362,0,0.000,0,0,0,0,
527,car,0.433,283,1431,325,1515,382,0,0.000,0,0,0,0,
527,car,0.452,301,1385,324,1446,368,0,0.000,0,0,0,0,
527,car,0.344,316,1425,324,1471,377,0,0.000,0,0,0,0,
527,car,0.422,325,1371,322,1401,357,0,0.000,0,0,0,0,
527,car,0.419,351,1343,321,1368,353,0,0.000,0,0,0,0,
527,person,0.754,152,642,278,685,404,0,0.000,0,0,0,0,
527,car,0.388,262,1275,319,1319,356,0,0.000,0,0,0,0,
527,car,0.509,306,1116,313,1178,344,0,0.000,0,0,0,0,
528,person,0.508,154,683,283,720,400,0,0.000,0,0,0,0,
528,car,0.343,186,1459,324,1515,382,0,0.000,0,0,0,0,
528,car,0.531,297,1381,324,1436,362,0,0.000,0,0,0,0,
528,car,0.444,283,1431,325,1514,381,0,0.000,0,0,0,0,
528,car,0.444,301,1385,323,1449,369,0,0.000,0,0,0,0,
528,car,0.344,316,1425,324,1471,377,0,0.000,0,0,0,0,
528,car,0.465,325,1370,322,1401,357,0,0.000,0,0,0,0,
528,car,0.432,351,1343,321,1369,353,0,0.000,0,0,0,0,
528,person,0.716,152,643,278,687,404,0,0.000,0,0,0,0,
528,car,0.406,262,1274,318,1318,356,0,0.000,0,0,0,0,
528,car,0.535,306,1115,311,1179,344,0,0.000,0,0,0,0,
529,person,0.503,154,684,284,721,401,0,0.000,0,0,0,0,
529,car,0.344,186,1461,324,1516,382,0,0.000,0,0,0,0,
529,car,0.537,297,1381,324,1437,362,0,0.000,0,0,0,0,
529,car,0.439,283,1431,325,1514,381,0,0.000,0,0,0,0,
529,car,0.436,301,1385,323,1449,369,0,0.000,0,0,0,0,
529,car,0.342,316,1425,324,1471,377,0,0.000,0,0,0,0,
529,car,0.470,325,1370,321,1402,357,0,0.000,0,0,0,0,
529,car,0.425,351,1343,320,1369,352,0,0.000,0,0,0,0,
529,person,0.724,152,645,280,688,403,0,0.000,0,0,0,0,
529,car,0.345,262,1273,318,1314,353,0,0.000,0,0,0,0,
529,car,0.401,194,1274,319,1326,357,0,0.000,0,0,0,0,
529,car,0.631,256,1111,310,1178,346,0,0.000,0,0,0,0,
530,person,0.551,154,685,283,723,401,0,0.000,0,0,0,0,
530,car,0.346,186,1462,324,1516,382,0,0.000,0,0,0,0,
530,car,0.539,297,1381,324,1437,362,0,0.000,0,0,0,0,
530,car,0.445,283,1431,325,1514,381,0,0.000,0,0,0,0,
530,car,0.440,301,1385,323,1450,370,0,0.000,0,0,0,0,
530,car,0.346,316,1425,324,1471,377,0,0.000,0,0,0,0,
530,car,0.489,325,1370,321,1402,357,0,0.000,0,0,0,0,
530,car,0.452,351,1343,320,1370,352,0,0.000,0,0,0,0,
530,person,0.706,152,647,281,689,404,0,0.000,0,0,0,0,
530,car,0.303,262,1273,317,1313,352,0,0.000,0,0,0,0,
530,car,0.396,194,1277,319,1329,356,0,0.000,0,0,0,0,
530,car,0.609,256,1114,311,1180,346,0,0.000,0,0,0,0,
531,person,0.613,154,686,282,724,401,0,0.000,0,0,0,0,
531,car,0.350,186,1462,324,1516,382,0,0.000,0,0,0,0,
531,car,0.536,297,1381,324,1436,361,0,0.000,0,0,0,0,
531,car,0.443,283,1431,325,1514,381,0,0.000,0,0,0,0,
531,car,0.433,301,1385,323,1449,369,0,0.000,0,0,0,0,
531,car,0.343,316,1425,324,1472,377,0,0.000,0,0,0,0,
531,car,0.522,325,1371,322,1402,357,0,0.000,0,0,0,0,
531,car,0.505,351,1343,321,1370,352,0,0.000,0,0,0,0,
531,person,0.694,152,648,279,690,403,0,0.000,0,0,0,0,
531,car,0.350,262,1273,316,1312,352,0,0.000,0,0,0,0,
531,car,0.446,194,1278,318,1331,356,0,0.000,0,0,0,0,
531,car,0.596,256,1116,311,1180,346,0,0.000,0,0,0,0,
531,car,0.346,359,1309,318,1343,356,0,0.000,0,0,0,0,
532,person,0.567,154,687,284,725,401,0,0.000,0,0,0,0,
532,car,0.348,186,1462,325,1516,382,0,0.000,0,0,0,0,
532,car,0.533,297,1381,324,1437,361,0,0.000,0,0,0,0,
532,car,0.437,283,1431,325,1514,381,0,0.000,0,0,0,0,
532,car,0.440,301,1385,323,1449,369,0,0.000,0,0,0,0,
532,car,0.331,316,1425,324,1472,378,0,0.000,0,0,0,0,
532,car,0.490,325,1371,322,1402,357,0,0.000,0,0,0,0,
532,car,0.524,351,1343,321,1371,353,0,0.000,0,0,0,0,
532,person,0.709,152,649,276,692,402,0,0.000,0,0,0,0,
532,car,0.396,262,1272,316,1312,352,0,0.000,0,0,0,0,
532,car,0.458,194,1278,318,1332,356,0,0.000,0,0,0,0,
532,car,0.568,256,1121,313,1180,345,0,0.000,0,0,0,0,
532,car,0.374,359,1308,318,1341,356,0,0.000,0,0,0,0,
533,person,0.589,154,688,282,727,402,0,0.000,0,0,0,0,
533,car,0.346,186,1463,325,1516,382,0,0.000,0,0,0,0,
533,car,0.531,297,1381,324,1436,361,0,0.000,0,0,0,0,
533,car,0.439,283,1431,325,1514,382,0,0.000,0,0,0,0,
533,car,0.434,301,1384,323,1448,369,0,0.000,0,0,0,0,
533,car,0.338,316,1426,324,1473,378,0,0.000,0,0,0,0,
533,car,0.490,325,1371,322,1402,357,0,0.000,0,0,0,0,
533,car,0.526,351,1344,321,1371,352,0,0.000,0,0,0,0,
533,person,0.690,152,650,274,693,400,0,0.000,0,0,0,0,
533,car,0.435,262,1272,316,1313,353,0,0.000,0,0,0,0,
533,car,0.433,194,1277,318,1330,356,0,0.000,0,0,0,0,
533,car,0.584,256,1122,313,1181,345,0,0.000,0,0,0,0,
533,car,0.326,359,1309,319,1341,355,0,0.000,0,0,0,0,
534,person,0.607,154,691,281,729,400,0,0.000,0,0,0,0,
534,car,0.351,186,1463,325,1515,382,0,0.000,0,0,0,0,
534,car,0.522,297,1381,324,1436,361,0,0.000,0,0,0,0,
534,car,0.442,283,1431,325,1514,381,0,0.000,0,0,0,0,
534,car,0.435,301,1384,323,1448,369,0,0.000,0,0,0,0,
534,car,0.333,316,1426,324,1473,378,0,0.000,0,0,0,0,
534,car,0.508,325,1371,323,1402,357,0,0.000,0,0,0,0,
534,car,0.571,351,1345,321,1373,353,0,0.000,0,0,0,0,
534,person,0.684,152,650,273,695,401,0,0.000,0,0,0,0,
534,car,0.501,262,1272,316,1314,353,0,0.000,0,0,0,0,
534,car,0.482,194,1276,318,1329,356,0,0.000,0,0,0,0,
534,car,0.544,256,1123,313,1181,345,0,0.000,0,0,0,0,
534,car,0.352,359,1309,319,1340,354,0,0.000,0,0,0,0,
535,person,0.403,154,693,281,731,401,0,0.000,0,0,0,0,
535,car,0.351,186,1463,325,1515,382,0,0.000,0,0,0,0,
535,car,0.514,297,1381,324,1436,361,0,0.000,0,0,0,0,
535,car,0.441,283,1431,325,1514,381,0,0.000,0,0,0,0,
535,car,0.437,301,1384,323,1448,369,0,0.000,0,0,0,0,
535,car,0.337,316,1426,324,1473,378,0,0.000,0,0,0,0,
535,car,0.528,325,1371,323,1401,357,0,0.000,0,0,0,0,
535,car,0.600,351,1346,321,1374,353,0,0.000,0,0,0,0,
535,person,0.610,152,651,271,696,401,0,0.000,0,0,0,0,
535,car,0.483,262,1272,317,1313,353,0,0.000,0,0,0,0,
535,car,0.480,194,1278,318,1330,356,0,0.000,0,0,0,0,
535,car,0.513,256,1124,313,1181,345,0,0.000,0,0,0,0,
535,car,0.377,359,1308,319,1339,354,0,0.000,0,0,0,0,
536,person,0.495,154,692,278,731,400,0,0.000,0,0,0,0,
536,car,0.357,186,1463,325,1515,382,0,0.000,0,0,0,0,
536,car,0.495,297,1381,324,1436,361,0,0.000,0,0,0,0,
536,car,0.450,283,1431,325,1514,381,0,0.000,0,0,0,0,
536,car,0.437,301,1385,323,1449,369,0,0.000,0,0,0,0,
536,car,0.336,316,1426,324,1473,378,0,0.000,0,0,0,0,
536,car,0.558,325,1370,322,1400,357,0,0.000,0,0,0,0,
536,car,0.605,351,1347,321,1376,353,0,0.000,0,0,0,0,
536,person,0.479,152,653,271,697,401,0,0.000,0,0,0,0,
536,car,0.509,262,1271,317,1313,354,0,0.000,0,0,0,0,
536,car,0.481,194,1278,319,1331,356,0,0.000,0,0,0,0,
536,car,0.450,256,1127,314,1181,344,0,0.000,0,0,0,0,
536,car,0.402,359,1308,320,1339,354,0,0.000,0,0,0,0,
537,person,0.571,154,693,275,732,399,0,0.000,0,0,0,0,
537,car,0.442,186,1459,324,1512,381,0,0.000,0,0,0,0,
537,car,0.491,297,1381,324,1436,361,0,0.000,0,0,0,0,
537,car,0.364,283,1430,324,1512,380,0,0.000,0,0,0,0,
537,car,0.435,301,1385,323,1450,369,0,0.000,0,0,0,0,
537,car,0.330,316,1426,324,1472,378,0,0.000,0,0,0,0,
537,car,0.560,325,1370,322,1400,357,0,0.000,0,0,0,0,
537,car,0.609,351,1347,321,1377,353,0,0.000,0,0,0,0,
537,person,0.555,152,654,271,699,400,0,0.000,0,0,0,0,
537,car,0.515,262,1270,317,1312,354,0,0.000,0,0,0,0,
537,car,0.472,194,1278,319,1332,356,0,0.000,0,0,0,0,
537,car,0.497,256,1128,314,1183,344,0,0.000,0,0,0,0,
537,car,0.419,359,1309,319,1340,353,0,0.000,0,0,0,0,
538,person,0.542,154,694,277,733,399,0,0.000,0,0,0,0,
538,car,0.440,186,1457,324,1511,381,0,0.000,0,0,0,0,
538,car,0.487,297,1382,324,1437,361,0,0.000,0,0,0,0,
538,car,0.437,283,1431,325,1514,381,0,0.000,0,0,0,0,
538,car,0.446,301,1384,323,1449,370,0,0.000,0,0,0,0,
538,car,0.338,316,1427,324,1473,378,0,0.000,0,0,0,0,
538,car,0.549,325,1369,322,1399,357,0,0.000,0,0,0,0,
538,car,0.578,351,1346,321,1377,353,0,0.000,0,0,0,0,
538,person,0.511,152,655,271,699,400,0,0.000,0,0,0,0,
538,car,0.516,262,1268,317,1311,354,0,0.000,0,0,0,0,
538,car,0.385,194,1276,318,1331,356,0,0.000,0,0,0,0,
538,car,0.518,256,1129,314,1185,345,0,0.000,0,0,0,0,
538,car,0.415,359,1309,320,1341,352,0,0.000,0,0,0,0,
538,person,0.335,363,853,247,891,362,0,0.000,0,0,0,0,
539,person,0.538,154,694,283,733,402,0,0.000,0,0,0,0,
539,car,0.443,186,1456,324,1510,381,0,0.000,0,0,0,0,
539,car,0.489,297,1383,324,1437,361,0,0.000,0,0,0,0,
539,car,0.369,283,1430,324,1512,380,0,0.000,0,0,0,0,
539,car,0.453,301,1385,323,1449,370,0,0.000,0,0,0,0,
539,car,0.330,316,1426,324,1473,378,0,0.000,0,0,0,0,
539,car,0.562,325,1368,322,1398,357,0,0.000,0,0,0,0,
539,car,0.585,351,1346,321,1378,353,0,0.000,0,0,0,0,
539,person,0.463,152,656,274,700,401,0,0.000,0,0,0,0,
539,car,0.529,262,1267,317,1310,354,0,0.000,0,0,0,0,
539,car,0.489,256,1130,314,1186,345,0,0.000,0,0,0,0,
539,car,0.408,359,1310,320,1341,351,0,0.000,0,0,0,0,
539,person,0.341,363,852,247,891,364,0,0.000,0,0,0,0,
540,person,0.601,154,695,285,733,403,0,0.000,0,0,0,0,
540,car,0.442,186,1456,324,1511,381,0,0.000,0,0,0,0,
540,car,0.500,297,1383,324,1438,361,0,0.000,0,0,0,0,
540,car,0.433,283,1431,325,1514,381,0,0.000,0,0,0,0,
540,car,0.462,301,1385,323,1449,369,0,0.000,0,0,0,0,
540,car,0.330,316,1426,324,1473,378,0,0.000,0,0,0,0,
540,car,0.565,325,1365,322,1396,356,0,0.000,0,0,0,0,
540,car,0.588,351,1347,321,1379,352,0,0.000,0,0,0,0,
540,person,0.471,152,660,277,701,401,0,0.000,0,0,0,0,
540,car,0.519,262,1266,317,1309,354,0,0.000,0,0,0,0,
540,car,0.457,256,1129,313,1187,346,0,0.000,0,0,0,0,
540,car,0.363,359,1310,319,1342,351,0,0.000,0,0,0,0,
540,person,0.518,363,855,245,895,367,0,0.000,0,0,0,0,
540,car,0.297,194,1270,318,1324,355,0,0.000,0,0,0,0,
541,person,0.640,154,695,285,733,404,0,0.000,0,0,0,0,
541,car,0.442,186,1456,324,1511,381,0,0.000,0,0,0,0,
541,car,0.500,297,1383,324,1438,361,0,0.000,0,0,0,0,
541,car,0.427,283,1431,325,1514,381,0,0.000,0,0,0,0,
541,car,0.459,301,1385,323,1449,369,0,0.000,0,0,0,0,
541,car,0.325,316,1426,324,1472,378,0,0.000,0,0,0,0,
541,car,0.559,325,1363,322,1395,356,0,0.000,0,0,0,0,
541,car,0.592,351,1347,321,1380,352,0,0.000,0,0,0,0,
541,person,0.464,152,661,278,702,401,0,0.000,0,0,0,0,
541,car,0.490,262,1266,317,1309,354,0,0.000,0,0,0,0,
541,car,0.508,256,1129,312,1187,346,0,0.000,0,0,0,0,
541,car,0.362,359,1310,320,1342,350,0,0.000,0,0,0,0,
541,person,0.443,363,858,251,896,368,0,0.000,0,0,0,0,
541,car,0.280,194,1270,319,1321,354,0,0.000,0,0,0,0,
541,person,0.281,331,669,278,730,401,0,0.000,0,0,0,0,
542,person,0.596,154,696,287,734,404,0,0.000,0,0,0,0,
542,car,0.452,186,1457,324,1512,381,0,0.000,0,0,0,0,
542,car,0.510,297,1383,324,1438,361,0,0.000,0,0,0,0,
542,car,0.426,283,1431,325,1515,381,0,0.000,0,0,0,0,
542,car,0.467,301,1386,323,1449,369,0,0.000,0,0,0,0,
542,car,0.314,316,1426,324,1473,377,0,0.000,0,0,0,0,
542,car,0.577,325,1363,322,1395,356,0,0.000,0,0,0,0,
542,car,0.583,351,1346,321,1380,352,0,0.000,0,0,0,0,
542,person,0.423,152,662,282,702,401,0,0.000,0,0,0,0,
542,car,0.468,262,1267,317,1308,353,0,0.000,0,0,0,0,
542,car,0.556,256,1129,312,1188,346,0,0.000,0,0,0,0,
542,car,0.385,359,1310,319,1342,350,0,0.000,0,0,0,0,
542,person,0.456,363,859,253,897,367,0,0.000,0,0,0,0,
542,car,0.288,194,1274,319,1323,354,0,0.000,0,0,0,0,
542,person,0.414,364,852,248,895,364,0,0.000,0,0,0,0,
542,person,0.279,331,669,283,731,401,0,0.000,0,0,0,0,
543,person,0.514,154,696,289,735,404,0,0.000,0,0,0,0,
543,car,0.458,186,1458,324,1513,381,0,0.000,0,0,0,0,
543,car,0.505,297,1383,324,1437,361,0,0.000,0,0,0,0,
543,car,0.431,283,1432,325,1515,381,0,0.000,0,0,0,0,
543,car,0.454,301,1386,324,1449,369,0,0.000,0,0,0,0,
543,car,0.326,316,1426,324,1473,377,0,0.000,0,0,0,0,
543,car,0.564,325,1363,322,1395,356,0,0.000,0,0,0,0,
543,car,0.580,351,1346,321,1380,352,0,0.000,0,0,0,0,
543,person,0.384,152,663,285,702,402,0,0.000,0,0,0,0,
543,car,0.408,262,1266,317,1307,352,0,0.000,0,0,0,0,
543,car,0.603,256,1130,312,1188,346,0,0.000,0,0,0,0,
543,car,0.371,359,1309,319,1342,350,0,0.000,0,0,0,0,
543,person,0.324,331,669,287,732,401,0,0.000,0,0,0,0,
544,person,0.349,154,697,287,736,404,0,0.000,0,0,0,0,
544,car,0.453,186,1457,324,1513,381,0,0.000,0,0,0,0,
544,car,0.504,297,1383,324,1437,361,0,0.000,0,0,0,0,
544,car,0.434,283,1431,325,1515,382,0,0.000,0,0,0,0,
544,car,0.453,301,1386,324,1449,369,0,0.000,0,0,0,0,
544,car,0.330,316,1426,324,1473,378,0,0.000,0,0,0,0,
544,car,0.565,325,1363,322,1396,356,0,0.000,0,0,0,0,
544,car,0.576,351,1346,321,1381,352,0,0.000,0,0,0,0,
544,person,0.450,152,665,285,704,401,0,0.000,0,0,0,0,
544,car,0.416,262,1266,317,1306,351,0,0.000,0,0,0,0,
544,car,0.638,256,1131,312,1189,346,0,0.000,0,0,0,0,
544,car,0.398,359,1309,319,1341,349,0,0.000,0,0,0,0,
544,person,0.350,331,666,286,730,401,0,0.000,0,0,0,0,
545,person,0.368,154,701,289,738,401,0,0.000,0,0,0,0,
545,car,0.455,186,1457,324,1513,381,0,0.000,0,0,0,0,
545,car,0.507,297,1383,324,1437,361,0,0.000,0,0,0,0,
545,car,0.438,283,1431,324,1515,382,0,0.000,0,0,0,0,
545,car,0.455,301,1385,324,1449,369,0,0.000,0,0,0,0,
545,car,0.335,316,1427,324,1473,378,0,0.000,0,0,0,0,
545,car,0.557,325,1364,322,1397,356,0,0.000,0,0,0,0,
545,car,0.570,351,1345,321,1380,352,0,0.000,0,0,0,0,
545,person,0.500,152,667,286,707,400,0,0.000,0,0,0,0,
545,car,0.380,262,1266,317,1305,351,0,0.000,0,0,0,0,
545,car,0.650,256,1132,312,1190,346,0,0.000,0,0,0,0,
545,car,0.409,359,1308,319,1341,349,0,0.000,0,0,0,0,
546,person,0.432,154,704,287,740,395,0,0.000,0,0,0,0,
546,car,0.462,186,1457,324,1513,381,0,0.000,0,0,0,0,
546,car,0.523,297,1383,324,1437,361,0,0.000,0,0,0,0,
546,car,0.442,283,1431,325,1515,382,0,0.000,0,0,0,0,
546,car,0.463,301,1385,324,1448,369,0,0.000,0,0,0,0,
546,car,0.337,316,1427,324,1473,378,0,0.000,0,0,0,0,
546,car,0.553,325,1364,322,1397,356,0,0.000,0,0,0,0,
546,car,0.580,351,1345,321,1380,352,0,0.000,0,0,0,0,
546,person,0.513,152,669,285,709,399,0,0.000,0,0,0,0,
546,car,0.378,262,1264,317,1303,349,0,0.000,0,0,0,0,
546,car,0.620,256,1134,312,1191,346,0,0.000,0,0,0,0,
546,car,0.430,359,1306,320,1340,349,0,0.000,0,0,0,0,
546,person,0.254,331,672,284,734,399,0,0.000,0,0,0,0,
547,person,0.460,154,705,288,741,397,0,0.000,0,0,0,0,
547,car,0.462,186,1457,324,1513,381,0,0.000,0,0,0,0,
547,car,0.524,297,1383,324,1437,361,0,0.000,0,0,0,0,
547,car,0.442,283,1431,325,1515,382,0,0.000,0,0,0,0,
547,car,0.464,301,1385,324,1448,369,0,0.000,0,0,0,0,
547,car,0.333,316,1428,324,1474,378,0,0.000,0,0,0,0,
547,car,0.543,325,1365,322,1397,356,0,0.000,0,0,0,0,
547,car,0.585,351,1344,321,1380,352,0,0.000,0,0,0,0,
547,person,0.514,152,670,286,710,398,0,0.000,0,0,0,0,
547,car,0.372,262,1263,317,1301,349,0,0.000,0,0,0,0,
547,car,0.623,256,1136,313,1192,346,0,0.000,0,0,0,0,
547,car,0.438,359,1305,320,1340,350,0,0.000,0,0,0,0,
548,person,0.527,154,706,287,741,394,0,0.000,0,0,0,0,
548,car,0.457,186,1457,324,1513,381,0,0.000,0,0,0,0,
548,car,0.518,297,1383,324,1437,361,0,0.000,0,0,0,0,
548,car,0.430,283,1431,324,1515,382,0,0.000,0,0,0,0,
548,car,0.464,301,1385,323,1448,369,0,0.000,0,0,0,0,
548,car,0.331,316,1427,324,1473,378,0,0.000,0,0,0,0,
548,car,0.546,325,1364,322,1397,356,0,0.000,0,0,0,0,
548,car,0.568,351,1344,321,1380,352,0,0.000,0,0,0,0,
548,person,0.523,152,670,285,710,397,0,0.000,0,0,0,0,
548,car,0.350,262,1263,317,1301,349,0,0.000,0,0,0,0,
548,car,0.690,256,1137,313,1192,345,0,0.000,0,0,0,0,
548,car,0.444,359,1304,320,1340,350,0,0.000,0,0,0,0,
549,person,0.570,154,706,286,743,399,0,0.000,0,0,0,0,
549,car,0.452,186,1457,324,1513,381,0,0.000,0,0,0,0,
549,car,0.515,297,1383,324,1437,361,0,0.000,0,0,0,0,
549,car,0.433,283,1431,325,1515,381,0,0.000,0,0,0,0,
549,car,0.465,301,1385,323,1448,369,0,0.000,0,0,0,0,
549,car,0.340,316,1428,324,1473,377,0,0.000,0,0,0,0,
549,car,0.527,325,1363,322,1396,356,0,0.000,0,0,0,0,
549,car,0.581,351,1345,321,1381,352,0,0.000,0,0,0,0,
549,person,0.621,152,669,284,710,397,0,0.000,0,0,0,0,
549,car,0.329,262,1261,317,1300,350,0,0.000,0,0,0,0,
549,car,0.686,256,1138,313,1192,345,0,0.000,0,0,0,0,
549,car,0.430,359,1303,320,1340,350,0,0.000,0,0,0,0,
550,person,0.529,154,707,287,744,401,0,0.000,0,0,0,0,
550,car,0.447,186,1457,324,1513,381,0,0.000,0,0,0,0,
550,car,0.510,297,1383,324,1437,361,0,0.000,0,0,0,0,
550,car,0.433,283,1431,325,1515,382,0,0.000,0,0,0,0,
550,car,0.459,301,1385,323,1448,369,0,0.000,0,0,0,0,
550,car,0.341,316,1428,324,1473,377,0,0.000,0,0,0,0,
550,car,0.527,325,1363,322,1396,357,0,0.000,0,0,0,0,
550,car,0.569,351,1345,321,1382,353,0,0.000,0,0,0,0,
550,person,0.576,152,670,285,711,396,0,0.000,0,0,0,0,
550,car,0.319,262,1260,317,1298,350,0,0.000,0,0,0,0,
550,car,0.660,256,1139,313,1193,345,0,0.000,0,0,0,0,
550,car,0.439,359,1302,320,1340,350,0,0.000,0,0,0,0,
551,person,0.561,154,708,286,746,403,0,0.000,0,0,0,0,
551,car,0.453,186,1457,324,1513,381,0,0.000,0,0,0,0,
551,car,0.505,297,1383,324,1437,362,0,0.000,0,0,0,0,
551,car,0.431,283,1431,325,1515,381,0,0.000,0,0,0,0,
551,car,0.460,301,1385,323,1449,370,0,0.000,0,0,0,0,
551,car,0.336,316,1428,324,1473,377,0,0.000,0,0,0,0,
551,car,0.535,325,1363,322,1396,357,0,0.000,0,0,0,0,
551,car,0.574,351,1345,321,1382,353,0,0.000,0,0,0,0,
551,person,0.616,152,671,285,712,397,0,0.000,0,0,0,0,
551,car,0.296,262,1259,317,1297,349,0,0.000,0,0,0,0,
551,car,0.673,256,1140,312,1193,345,0,0.000,0,0,0,0,
551,car,0.461,359,1299,321,1339,351,0,0.000,0,0,0,0,
552,person,0.630,154,709,285,748,404,0,0.000,0,0,0,0,
552,car,0.449,186,1456,324,1513,382,0,0.000,0,0,0,0,
552,car,0.489,297,1383,325,1436,361,0,0.000,0,0,0,0,
552,car,0.446,283,1431,325,1514,382,0,0.000,0,0,0,0,
552,car,0.441,301,1385,324,1448,370,0,0.000,0,0,0,0,
552,car,0.357,316,1427,324,1473,378,0,0.000,0,0,0,0,
552,car,0.540,325,1363,323,1396,357,0,0.000,0,0,0,0,
552,car,0.578,351,1345,321,1382,353,0,0.000,0,0,0,0,
552,person,0.637,152,672,284,714,397,0,0.000,0,0,0,0,
552,car,0.388,262,1259,318,1297,349,0,0.000,0,0,0,0,
552,car,0.627,256,1140,312,1192,345,0,0.000,0,0,0,0,
552,car,0.480,359,1301,320,1341,350,0,0.000,0,0,0,0,
552,person,0.389,369,869,283,898,367,0,0.000,0,0,0,0,
553,person,0.593,154,710,286,749,403,0,0.000,0,0,0,0,
553,car,0.458,186,1456,324,1513,382,0,0.000,0,0,0,0,
553,car,0.496,297,1383,325,1436,361,0,0.000,0,0,0,0,
553,car,0.448,283,1431,325,1514,382,0,0.000,0,0,0,0,
553,car,0.447,301,1385,324,1448,370,0,0.000,0,0,0,0,
553,car,0.348,316,1427,324,1473,378,0,0.000,0,0,0,0,
553,car,0.538,325,1362,323,1396,357,0,0.000,0,0,0,0,
553,car,0.598,351,1345,321,1383,353,0,0.000,0,0,0,0,
553,person,0.689,152,673,284,715,397,0,0.000,0,0,0,0,
553,car,0.337,262,1258,317,1296,349,0,0.000,0,0,0,0,
553,car,0.634,256,1140,313,1192,345,0,0.000,0,0,0,0,
553,car,0.483,359,1298,320,1340,351,0,0.000,0,0,0,0,
553,person,0.320,369,870,284,899,367,0,0.000,0,0,0,0,
554,person,0.550,154,712,287,751,404,0,0.000,0,0,0,0,
554,car,0.453,186,1455,324,1513,382,0,0.000,0,0,0,0,
554,car,0.499,297,1384,325,1437,361,0,0.000,0,0,0,0,
554,car,0.452,283,1430,325,1514,382,0,0.000,0,0,0,0,
554,car,0.455,301,1385,324,1449,370,0,0.000,0,0,0,0,
554,car,0.349,316,1426,324,1472,378,0,0.000,0,0,0,0,
554,car,0.537,325,1362,323,1395,357,0,0.000,0,0,0,0,
554,car,0.598,351,1345,321,1383,353,0,0.000,0,0,0,0,
554,person,0.653,152,674,284,715,397,0,0.000,0,0,0,0,
554,car,0.321,262,1257,318,1295,349,0,0.000,0,0,0,0,
554,car,0.623,256,1140,313,1191,345,0,0.000,0,0,0,0,
554,car,0.476,359,1301,320,1342,350,0,0.000,0,0,0,0,
554,person,0.261,369,871,286,900,367,0,0.000,0,0,0,0,
555,person,0.583,154,714,286,753,404,0,0.000,0,0,0,0,
555,car,0.452,186,1455,324,1513,382,0,0.000,0,0,0,0,
555,car,0.504,297,1384,324,1438,362,0,0.000,0,0,0,0,
555,car,0.451,283,1430,325,1514,382,0,0.000,0,0,0,0,
555,car,0.469,301,1386,323,1449,370,0,0.000,0,0,0,0,
555,car,0.338,316,1426,324,1472,378,0,0.000,0,0,0,0,
555,car,0.542,325,1361,323,1395,357,0,0.000,0,0,0,0,
555,car,0.603,351,1345,321,1383,353,0,0.000,0,0,0,0,
555,person,0.727,152,675,283,717,398,0,0.000,0,0,0,0,
555,car,0.312,262,1256,318,1294,349,0,0.000,0,0,0,0,
555,car,0.610,256,1141,313,1191,345,0,0.000,0,0,0,0,
555,car,0.478,359,1301,319,1342,349,0,0.000,0,0,0,0,
556,person,0.617,154,716,287,755,405,0,0.000,0,0,0,0,
556,car,0.449,186,1455,324,1513,382,0,0.000,0,0,0,0,
556,car,0.502,297,1384,324,1438,362,0,0.000,0,0,0,0,
556,car,0.441,283,1431,325,1515,382,0,0.000,0,0,0,0,
556,car,0.467,301,1386,323,1449,370,0,0.000,0,0,0,0,
556,car,0.331,316,1426,324,1472,378,0,0.000,0,0,0,0,
556,car,0.547,325,1361,323,1395,357,0,0.000,0,0,0,0,
556,car,0.599,351,1345,321,1383,353,0,0.000,0,0,0,0,
556,person,0.752,152,676,283,719,399,0,0.000,0,0,0,0,
556,car,0.284,262,1256,318,1294,350,0,0.000,0,0,0,0,
556,car,0.603,256,1141,313,1191,345,0,0.000,0,0,0,0,
556,car,0.499,359,1302,319,1343,349,0,0.000,0,0,0,0,
557,person,0.717,154,717,285,757,404,0,0.000,0,0,0,0,
557,car,0.451,186,1456,324,1513,382,0,0.000,0,0,0,0,
557,car,0.509,297,1384,324,1438,362,0,0.000,0,0,0,0,
557,car,0.440,283,1431,325,1515,382,0,0.000,0,0,0,0,
557,car,0.468,301,1386,323,1449,370,0,0.000,0,0,0,0,
557,car,0.330,316,1426,324,1472,378,0,0.000,0,0,0,0,
557,car,0.549,325,1361,323,1396,357,0,0.000,0,0,0,0,
557,car,0.604,351,1345,321,1383,352,0,0.000,0,0,0,0,
557,person,0.801,152,679,282,722,401,0,0.000,0,0,0,0,
557,car,0.296,262,1256,318,1295,350,0,0.000,0,0,0,0,
557,car,0.588,256,1140,312,1190,344,0,0.000,0,0,0,0,
557,car,0.493,359,1302,319,1343,349,0,0.000,0,0,0,0,
558,person,0.685,154,717,283,758,405,0,0.000,0,0,0,0,
558,car,0.450,186,1456,324,1513,382,0,0.000,0,0,0,0,
558,car,0.504,297,1384,324,1438,361,0,0.000,0,0,0,0,
558,car,0.437,283,1431,325,1515,382,0,0.000,0,0,0,0,
558,car,0.470,301,1385,323,1449,370,0,0.000,0,0,0,0,
558,car,0.325,316,1425,324,1472,378,0,0.000,0,0,0,0,
558,car,0.564,325,1361,322,1396,357,0,0.000,0,0,0,0,
558,car,0.600,351,1345,321,1384,352,0,0.000,0,0,0,0,
558,person,0.789,152,680,282,724,401,0,0.000,0,0,0,0,
558,car,0.259,262,1257,318,1295,349,0,0.000,0,0,0,0,
558,car,0.592,256,1141,313,1191,344,0,0.000,0,0,0,0,
558,car,0.499,359,1302,319,1343,348,0,0.000,0,0,0,0,
559,person,0.729,154,718,282,759,405,0,0.000,0,0,0,0,
559,car,0.448,186,1455,324,1513,382,0,0.000,0,0,0,0,
559,car,0.500,297,1383,324,1437,361,0,0.000,0,0,0,0,
559,car,0.442,283,1431,325,1515,382,0,0.000,0,0,0,0,
559,car,0.456,301,1385,323,1448,370,0,0.000,0,0,0,0,
559,car,0.335,316,1426,324,1472,378,0,0.000,0,0,0,0,
559,car,0.547,325,1362,322,1396,357,0,0.000,0,0,0,0,
559,car,0.601,351,1344,321,1384,352,0,0.000,0,0,0,0,
559,person,0.792,152,682,281,725,400,0,0.000,0,0,0,0,
559,car,0.575,256,1142,313,1191,345,0,0.000,0,0,0,0,
559,car,0.493,359,1303,319,1343,348,0,0.000,0,0,0,0,
560,person,0.715,154,718,282,759,403,0,0.000,0,0,0,0,
560,car,0.443,186,1455,324,1513,382,0,0.000,0,0,0,0,
560,car,0.498,297,1383,324,1436,361,0,0.000,0,0,0,0,
560,car,0.447,283,1430,325,1515,382,0,0.000,0,0,0,0,
560,car,0.442,301,1385,323,1447,369,0,0.000,0,0,0,0,
560,car,0.337,316,1426,324,1473,378,0,0.000,0,0,0,0,
560,car,0.544,325,1362,323,1397,357,0,0.000,0,0,0,0,
560,car,0.585,351,1344,321,1384,352,0,0.000,0,0,0,0,
560,person,0.762,152,683,280,726,399,0,0.000,0,0,0,0,
560,car,0.582,256,1143,314,1191,345,0,0.000,0,0,0,0,
560,car,0.500,359,1303,319,1343,348,0,0.000,0,0,0,0,
561,person,0.724,154,718,280,760,405,0,0.000,0,0,0,0,
561,car,0.439,186,1455,324,1513,382,0,0.000,0,0,0,0,
561,car,0.492,297,1383,324,1436,361,0,0.000,0,0,0,0,
561,car,0.440,283,1430,325,1515,382,0,0.000,0,0,0,0,
561,car,0.444,301,1386,324,1447,369,0,0.000,0,0,0,0,
561,car,0.335,316,1426,324,1472,378,0,0.000,0,0,0,0,
561,car,0.542,325,1362,323,1397,357,0,0.000,0,0,0,0,
561,car,0.589,351,1344,321,1384,352,0,0.000,0,0,0,0,
561,person,0.759,152,685,280,727,399,0,0.000,0,0,0,0,
561,car,0.591,256,1143,314,1191,345,0,0.000,0,0,0,0,
561,car,0.491,359,1303,319,1344,348,0,0.000,0,0,0,0,
562,person,0.361,154,721,278,762,404,0,0.000,0,0,0,0,
562,car,0.435,186,1454,324,1512,382,0,0.000,0,0,0,0,
562,car,0.492,297,1383,325,1436,361,0,0.000,0,0,0,0,
562,car,0.445,283,1430,325,1515,382,0,0.000,0,0,0,0,
562,car,0.443,301,1386,324,1447,369,0,0.000,0,0,0,0,
562,car,0.345,316,1426,324,1472,378,0,0.000,0,0,0,0,
562,car,0.542,325,1362,323,1397,357,0,0.000,0,0,0,0,
562,car,0.579,351,1344,321,1384,352,0,0.000,0,0,0,0,
562,person,0.783,152,687,281,729,398,0,0.000,0,0,0,0,
562,car,0.571,256,1144,314,1192,345,0,0.000,0,0,0,0,
562,car,0.489,359,1303,319,1344,348,0,0.000,0,0,0,0,
563,person,0.419,154,723,279,763,404,0,0.000,0,0,0,0,
563,car,0.433,186,1454,324,1513,382,0,0.000,0,0,0,0,
563,car,0.495,297,1383,325,1436,361,0,0.000,0,0,0,0,
563,car,0.442,283,1430,325,1515,382,0,0.000,0,0,0,0,
563,car,0.442,301,1385,324,1447,369,0,0.000,0,0,0,0,
563,car,0.343,316,1426,324,1472,378,0,0.000,0,0,0,0,
563,car,0.533,325,1363,323,1398,357,0,0.000,0,0,0,0,
563,car,0.574,351,1344,321,1384,352,0,0.000,0,0,0,0,
563,person,0.758,152,688,282,730,397,0,0.000,0,0,0,0,
563,car,0.589,256,1145,314,1192,345,0,0.000,0,0,0,0,
563,car,0.479,359,1303,319,1344,348,0,0.000,0,0,0,0,
564,person,0.441,154,724,279,764,402,0,0.000,0,0,0,0,
564,car,0.423,186,1455,324,1513,382,0,0.000,0,0,0,0,
564,car,0.499,297,1383,324,1436,361,0,0.000,0,0,0,0,
564,car,0.445,283,1430,325,1514,382,0,0.000,0,0,0,0,
564,car,0.442,301,1386,324,1447,369,0,0.000,0,0,0,0,
564,car,0.359,316,1426,324,1472,378,0,0.000,0,0,0,0,
564,car,0.541,325,1363,322,1398,357,0,0.000,0,0,0,0,
564,car,0.559,351,1344,321,1383,352,0,0.000,0,0,0,0,
564,person,0.751,152,689,282,731,396,0,0.000,0,0,0,0,
564,car,0.630,256,1144,314,1191,346,0,0.000,0,0,0,0,
